{"frameRate":60,"armature":[{"defaultActions":[{"gotoAndPlay":"Animation1"}],"type":"Armature","frameRate":60,"skin":[{"name":"","slot":[{"display":[{"path":"dizuo-4-1-8","type":"image","name":"dizuo-4-1-8","transform":{}}],"name":"Layer11"},{"display":[{"path":"dizuo-4-1-1","type":"image","name":"dizuo-4-1-1","transform":{}}],"name":"Layer4"},{"display":[{"path":"dizuo-4-1-10","type":"image","name":"dizuo-4-1-10","transform":{}}],"name":"Layer13"},{"display":[{"path":"dizuo-4-1-3","type":"image","name":"dizuo-4-1-3","transform":{}}],"name":"Layer6"},{"display":[{"path":"dizuo-4-1-12","type":"image","name":"dizuo-4-1-12","transform":{}}],"name":"Layer15"},{"display":[{"path":"dizuo-4-1-5","type":"image","name":"dizuo-4-1-5","transform":{}}],"name":"Layer8"},{"display":[{"path":"dizuo-4-1-7","type":"image","name":"dizuo-4-1-7","transform":{}}],"name":"Layer10"},{"display":[{"path":"dizuo-4-1-9","type":"image","name":"dizuo-4-1-9","transform":{}}],"name":"Layer12"},{"display":[{"path":"dizuo-4-1-2","type":"image","name":"dizuo-4-1-2","transform":{}}],"name":"Layer5"},{"display":[{"path":"dizuo-4-1-11","type":"image","name":"dizuo-4-1-11","transform":{}}],"name":"Layer14"},{"display":[{"path":"dizuo-4-1-4","type":"image","name":"dizuo-4-1-4","transform":{}}],"name":"Layer7"},{"display":[{"path":"dizuo-4-1-6","type":"image","name":"dizuo-4-1-6","transform":{}}],"name":"Layer9"}]}],"aabb":{"width":152,"y":-20,"height":40,"x":-76},"ik":[],"animation":[{"ik":[],"frame":[],"bone":[{"frame":[{"duration":69,"tweenEasing":0,"transform":{}},{"duration":3,"tweenEasing":0,"transform":{}},{"duration":3,"tweenEasing":0,"transform":{"scX":1.3}},{"duration":0,"transform":{"scX":1.3}}],"name":"Layer15"},{"frame":[{"duration":63,"tweenEasing":0,"transform":{}},{"duration":3,"tweenEasing":0,"transform":{}},{"duration":3,"tweenEasing":0,"transform":{"scX":1.3}},{"duration":3,"tweenEasing":0,"transform":{"scX":1.3}},{"duration":3,"tweenEasing":0,"transform":{"scX":1.3}},{"duration":0,"transform":{"scX":1.3}}],"name":"Layer14"},{"frame":[{"duration":56,"tweenEasing":0,"transform":{}},{"duration":3,"tweenEasing":0,"transform":{}},{"duration":3,"tweenEasing":0,"transform":{"scX":1.3}},{"duration":3,"tweenEasing":0,"transform":{"scX":1.3}},{"duration":9,"tweenEasing":0,"transform":{"scX":1.3}},{"duration":1,"transform":{"scX":1.3}}],"name":"Layer13"},{"frame":[{"duration":49,"tweenEasing":0,"transform":{}},{"duration":3,"tweenEasing":0,"transform":{}},{"duration":3,"tweenEasing":0,"transform":{"scX":1.3}},{"duration":3,"tweenEasing":0,"transform":{"scX":1.3}},{"duration":16,"tweenEasing":0,"transform":{"scX":1.3}},{"duration":1,"transform":{"scX":1.3}}],"name":"Layer12"},{"frame":[{"duration":43,"tweenEasing":0,"transform":{}},{"duration":3,"tweenEasing":0,"transform":{}},{"duration":3,"tweenEasing":0,"transform":{"scX":1.3}},{"duration":3,"tweenEasing":0,"transform":{"scX":1.3}},{"duration":23,"tweenEasing":0,"transform":{"scX":1.3}},{"duration":0,"transform":{"scX":1.3}}],"name":"Layer11"},{"frame":[{"duration":36,"tweenEasing":0,"transform":{}},{"duration":3,"tweenEasing":0,"transform":{}},{"duration":3,"tweenEasing":0,"transform":{"scX":1.3}},{"duration":3,"tweenEasing":0,"transform":{"scX":1.3}},{"duration":29,"tweenEasing":0,"transform":{"scX":1.3}},{"duration":1,"transform":{"scX":1.3}}],"name":"Layer10"},{"frame":[{"duration":29,"tweenEasing":0,"transform":{}},{"duration":3,"tweenEasing":0,"transform":{}},{"duration":3,"tweenEasing":0,"transform":{"scX":1.3}},{"duration":3,"tweenEasing":0,"transform":{"scX":1.3}},{"duration":36,"tweenEasing":0,"transform":{"scX":1.3}},{"duration":1,"transform":{"scX":1.3}}],"name":"Layer9"},{"frame":[{"duration":23,"tweenEasing":0,"transform":{}},{"duration":3,"tweenEasing":0,"transform":{}},{"duration":3,"tweenEasing":0,"transform":{"scX":1.3}},{"duration":3,"tweenEasing":0,"transform":{"scX":1.3}},{"duration":43,"tweenEasing":0,"transform":{"scX":1.3}},{"duration":0,"transform":{"scX":1.3}}],"name":"Layer8"},{"frame":[{"duration":16,"tweenEasing":0,"transform":{}},{"duration":3,"tweenEasing":0,"transform":{}},{"duration":3,"tweenEasing":0,"transform":{"scX":1.3}},{"duration":3,"tweenEasing":0,"transform":{"scX":1.3}},{"duration":49,"tweenEasing":0,"transform":{"scX":1.3}},{"duration":1,"transform":{"scX":1.3}}],"name":"Layer7"},{"frame":[{"duration":9,"tweenEasing":0,"transform":{}},{"duration":3,"tweenEasing":0,"transform":{}},{"duration":3,"tweenEasing":0,"transform":{"scX":1.3}},{"duration":3,"tweenEasing":0,"transform":{"scX":1.3}},{"duration":56,"tweenEasing":0,"transform":{"scX":1.3}},{"duration":1,"transform":{"scX":1.3}}],"name":"Layer6"},{"frame":[{"duration":3,"tweenEasing":0,"transform":{}},{"duration":3,"tweenEasing":0,"transform":{}},{"duration":3,"tweenEasing":0,"transform":{"scX":1.3}},{"duration":3,"tweenEasing":0,"transform":{"scX":1.3}},{"duration":63,"tweenEasing":0,"transform":{"scX":1.3}},{"duration":0,"transform":{"scX":1.3}}],"name":"Layer5"},{"frame":[{"duration":3,"tweenEasing":0,"transform":{"scX":1.3}},{"duration":3,"tweenEasing":0,"transform":{"scX":1.3}},{"duration":69,"tweenEasing":0,"transform":{"scX":1.3}},{"duration":0,"transform":{"scX":1.3}}],"name":"Layer4"},{"frame":[{"duration":75,"transform":{}}],"name":"root"}],"duration":75,"slot":[{"frame":[{"duration":69,"displayIndex":-1,"tweenEasing":0},{"duration":3,"displayIndex":-1,"tweenEasing":0},{"duration":3,"tweenEasing":0},{"duration":0,"tweenEasing":null}],"name":"Layer15"},{"frame":[{"duration":63,"displayIndex":-1,"tweenEasing":0},{"duration":3,"displayIndex":-1,"tweenEasing":0},{"duration":3,"tweenEasing":0},{"duration":3,"tweenEasing":0},{"duration":3,"displayIndex":-1,"tweenEasing":0},{"duration":0,"displayIndex":-1,"tweenEasing":null}],"name":"Layer14"},{"frame":[{"duration":56,"displayIndex":-1,"tweenEasing":0},{"duration":3,"displayIndex":-1,"tweenEasing":0},{"duration":3,"tweenEasing":0},{"duration":3,"tweenEasing":0},{"duration":9,"displayIndex":-1,"tweenEasing":0},{"duration":1,"displayIndex":-1,"tweenEasing":null}],"name":"Layer13"},{"frame":[{"duration":49,"displayIndex":-1,"tweenEasing":0},{"duration":3,"displayIndex":-1,"tweenEasing":0},{"duration":3,"tweenEasing":0},{"duration":3,"tweenEasing":0},{"duration":16,"displayIndex":-1,"tweenEasing":0},{"duration":1,"displayIndex":-1,"tweenEasing":null}],"name":"Layer12"},{"frame":[{"duration":43,"displayIndex":-1,"tweenEasing":0},{"duration":3,"displayIndex":-1,"tweenEasing":0},{"duration":3,"tweenEasing":0},{"duration":3,"tweenEasing":0},{"duration":23,"displayIndex":-1,"tweenEasing":0},{"duration":0,"displayIndex":-1,"tweenEasing":null}],"name":"Layer11"},{"frame":[{"duration":36,"displayIndex":-1,"tweenEasing":0},{"duration":3,"displayIndex":-1,"tweenEasing":0},{"duration":3,"tweenEasing":0},{"duration":3,"tweenEasing":0},{"duration":29,"displayIndex":-1,"tweenEasing":0},{"duration":1,"displayIndex":-1,"tweenEasing":null}],"name":"Layer10"},{"frame":[{"duration":29,"displayIndex":-1,"tweenEasing":0},{"duration":3,"displayIndex":-1,"tweenEasing":0},{"duration":3,"tweenEasing":0},{"duration":3,"tweenEasing":0},{"duration":36,"displayIndex":-1,"tweenEasing":0},{"duration":1,"displayIndex":-1,"tweenEasing":null}],"name":"Layer9"},{"frame":[{"duration":23,"displayIndex":-1,"tweenEasing":0},{"duration":3,"displayIndex":-1,"tweenEasing":0},{"duration":3,"tweenEasing":0},{"duration":3,"tweenEasing":0},{"duration":43,"displayIndex":-1,"tweenEasing":0},{"duration":0,"displayIndex":-1,"tweenEasing":null}],"name":"Layer8"},{"frame":[{"duration":16,"displayIndex":-1,"tweenEasing":0},{"duration":3,"displayIndex":-1,"tweenEasing":0},{"duration":3,"tweenEasing":0},{"duration":3,"tweenEasing":0},{"duration":49,"displayIndex":-1,"tweenEasing":0},{"duration":1,"displayIndex":-1,"tweenEasing":null}],"name":"Layer7"},{"frame":[{"duration":9,"displayIndex":-1,"tweenEasing":0},{"duration":3,"displayIndex":-1,"tweenEasing":0},{"duration":3,"tweenEasing":0},{"duration":3,"tweenEasing":0},{"duration":56,"displayIndex":-1,"tweenEasing":0},{"duration":1,"displayIndex":-1,"tweenEasing":null}],"name":"Layer6"},{"frame":[{"duration":3,"displayIndex":-1,"tweenEasing":0},{"duration":3,"displayIndex":-1,"tweenEasing":0},{"duration":3,"tweenEasing":0},{"duration":3,"tweenEasing":0},{"duration":63,"displayIndex":-1,"tweenEasing":0},{"duration":0,"displayIndex":-1,"tweenEasing":null}],"name":"Layer5"},{"frame":[{"duration":3,"tweenEasing":0},{"duration":3,"tweenEasing":0},{"duration":69,"displayIndex":-1,"tweenEasing":0},{"duration":0,"displayIndex":-1,"tweenEasing":null}],"name":"Layer4"}],"playTimes":0,"name":"Animation1","ffd":[]}],"slot":[{"color":{},"name":"Layer4","parent":"Layer4"},{"z":1,"color":{},"name":"Layer5","parent":"Layer5"},{"z":2,"color":{},"name":"Layer6","parent":"Layer6"},{"z":3,"color":{},"name":"Layer7","parent":"Layer7"},{"z":4,"color":{},"name":"Layer8","parent":"Layer8"},{"z":5,"color":{},"name":"Layer9","parent":"Layer9"},{"z":6,"color":{},"name":"Layer10","parent":"Layer10"},{"z":7,"color":{},"name":"Layer11","parent":"Layer11"},{"z":8,"color":{},"name":"Layer12","parent":"Layer12"},{"z":9,"color":{},"name":"Layer13","parent":"Layer13"},{"z":10,"color":{},"name":"Layer14","parent":"Layer14"},{"z":11,"color":{},"name":"Layer15","parent":"Layer15"}],"bone":[{"name":"root","transform":{}},{"inheritScale":false,"transform":{},"name":"Layer10","parent":"root"},{"inheritScale":false,"transform":{},"name":"Layer5","parent":"root"},{"inheritScale":false,"transform":{},"name":"Layer6","parent":"root"},{"inheritScale":false,"transform":{},"name":"Layer7","parent":"root"},{"inheritScale":false,"transform":{},"name":"Layer8","parent":"root"},{"inheritScale":false,"transform":{},"name":"Layer9","parent":"root"},{"inheritScale":false,"transform":{},"name":"Layer4","parent":"root"},{"inheritScale":false,"transform":{},"name":"Layer11","parent":"root"},{"inheritScale":false,"transform":{},"name":"Layer12","parent":"root"},{"inheritScale":false,"transform":{},"name":"Layer13","parent":"root"},{"inheritScale":false,"transform":{},"name":"Layer14","parent":"root"},{"inheritScale":false,"transform":{},"name":"Layer15","parent":"root"}],"name":"armatureName"}],"isGlobal":0,"name":"10000","version":"5.0"}