{"width":256,"SubTexture":[{"width":112,"y":34,"height":31,"name":"dizuo-4-1-1","x":134},{"width":135,"y":269,"height":36,"name":"dizuo-4-1-2","x":1},{"width":152,"y":120,"height":33,"name":"dizuo-4-1-3","x":1},{"width":136,"y":193,"height":36,"name":"dizuo-4-1-4","x":1},{"width":131,"y":43,"height":40,"name":"dizuo-4-1-5","x":1},{"width":112,"y":155,"height":31,"name":"dizuo-4-1-6","x":139},{"width":112,"y":231,"height":31,"name":"dizuo-4-1-7","x":138},{"width":135,"y":231,"height":36,"name":"dizuo-4-1-8","x":1},{"width":152,"y":85,"height":33,"name":"dizuo-4-1-9","x":1},{"width":136,"y":155,"height":36,"name":"dizuo-4-1-10","x":1},{"width":131,"y":1,"height":40,"name":"dizuo-4-1-11","x":1},{"width":112,"y":1,"height":31,"name":"dizuo-4-1-12","x":134}],"height":512,"name":"10000","imagePath":"10000_tex.png"}