{"width":1024,"SubTexture":[{"width":329,"y":880,"height":163,"name":"akali-9-1","x":332},{"width":329,"y":876,"height":163,"name":"akali-9-2","x":1},{"width":329,"y":715,"height":163,"name":"akali-9-3","x":667},{"width":327,"y":880,"height":163,"name":"akali-9-4","x":663},{"width":329,"y":550,"height":163,"name":"akali-9-5","x":681},{"width":328,"y":1041,"height":163,"name":"akali-9-6","x":1},{"width":333,"y":711,"height":163,"name":"akali-9-7","x":1},{"width":340,"y":546,"height":163,"name":"akali-9-8","x":1},{"width":336,"y":550,"height":163,"name":"akali-9-9","x":343},{"width":329,"y":715,"height":163,"name":"akali-9-10","x":336},{"width":330,"y":373,"height":171,"name":"akali-9-11","x":1},{"width":353,"y":368,"height":180,"name":"akali-9-12","x":404},{"width":401,"y":188,"height":183,"name":"akali-9-13","x":1},{"width":456,"y":181,"height":185,"name":"akali-9-14","x":491},{"width":488,"y":1,"height":185,"name":"akali-9-15","x":1},{"width":486,"y":1,"height":178,"name":"akali-9-16","x":491}],"height":2048,"name":"10004","imagePath":"10004_tex.png"}