{"frameRate":60,"armature":[{"defaultActions":[{"gotoAndPlay":"miaoyi"}],"type":"Armature","frameRate":60,"skin":[{"name":"","slot":[{"display":[{"path":"akali-9-10","type":"image","name":"akali-9-10","transform":{"y":-3.3334,"x":6.6666}}],"name":"Layer26"},{"display":[{"path":"akali-9-2","type":"image","name":"akali-9-2","transform":{"y":-2.1422,"x":5.1187}}],"name":"Layer18"},{"display":[{"path":"akali-9-5","type":"image","name":"akali-9-5","transform":{"y":6.6667,"x":10}}],"name":"Layer21"},{"display":[{"path":"akali-9-1","type":"image","name":"akali-9-1","transform":{"y":3.3333,"x":2.7273}}],"name":"Layer11"},{"display":[{"path":"akali-9-13","type":"image","name":"akali-9-13","transform":{"y":-0.7692,"x":8.718}}],"name":"Layer29"},{"display":[{"path":"akali-9-9","type":"image","name":"akali-9-9","transform":{"y":9.2308,"x":5.8975}}],"name":"Layer25"},{"display":[{"path":"akali-9-16","type":"image","name":"akali-9-16","transform":{"y":14.1667,"x":-62.5}}],"name":"Layer32"},{"display":[{"path":"akali-9-3","type":"image","name":"akali-9-3","transform":{"y":-3.3334,"x":3.3333}}],"name":"Layer19"},{"display":[{"path":"akali-9-11","type":"image","name":"akali-9-11","transform":{"y":0.5128,"x":-0.2564}}],"name":"Layer27"},{"display":[{"path":"akali-9-12","type":"image","name":"akali-9-12","transform":{"y":6.4102,"x":8.9743}}],"name":"Layer28"},{"display":[{"path":"akali-9-15","type":"image","name":"akali-9-15","transform":{"y":11.6667,"x":-43.3334}}],"name":"Layer31"},{"display":[{"path":"akali-9-4","type":"image","name":"akali-9-4","transform":{"y":16.6666,"x":13.3333}}],"name":"Layer20"},{"display":[{"path":"akali-9-14","type":"image","name":"akali-9-14","transform":{"y":16.6667,"x":-23.3333}}],"name":"Layer30"},{"display":[{"path":"akali-9-8","type":"image","name":"akali-9-8","transform":{"y":4.0477,"x":1.9048}}],"name":"Layer24"},{"display":[{"path":"akali-9-6","type":"image","name":"akali-9-6","transform":{"y":2.5,"x":-3.3333}}],"name":"Layer22"},{"display":[{"path":"akali-9-7","type":"image","name":"akali-9-7","transform":{"y":-3.3333,"x":6.6666}}],"name":"Layer23"}]}],"aabb":{"width":514.718,"y":-92.2692,"height":201.4359,"x":-305.5},"ik":[],"animation":[{"ik":[],"frame":[],"bone":[{"frame":[{"duration":58,"tweenEasing":0,"transform":{}},{"duration":2,"tweenEasing":0,"transform":{}},{"duration":2,"tweenEasing":0,"transform":{"y":-41.6667,"x":-1.1111}},{"duration":0,"transform":{"y":-41.6667,"x":-1.1111}}],"name":"Layer32"},{"frame":[{"duration":54,"tweenEasing":0,"transform":{}},{"duration":2,"tweenEasing":0,"transform":{}},{"duration":2,"tweenEasing":0,"transform":{"y":-33.75,"x":4.375}},{"duration":2,"tweenEasing":0,"transform":{"y":-33.75,"x":4.375}},{"duration":2,"tweenEasing":0,"transform":{"y":-33.75,"x":4.375}},{"duration":0,"transform":{"y":-33.75,"x":4.375}}],"name":"Layer31"},{"frame":[{"duration":50,"tweenEasing":0,"transform":{}},{"duration":2,"tweenEasing":0,"transform":{}},{"duration":2,"tweenEasing":0,"transform":{"y":-38.8571,"x":7.7143}},{"duration":2,"tweenEasing":0,"transform":{"y":-38.8571,"x":7.7143}},{"duration":6,"tweenEasing":0,"transform":{"y":-38.8571,"x":7.7143}},{"duration":0,"transform":{"y":-38.8571,"x":7.7143}}],"name":"Layer30"},{"frame":[{"duration":46,"tweenEasing":0,"transform":{}},{"duration":2,"tweenEasing":0,"transform":{}},{"duration":2,"tweenEasing":0,"transform":{"y":-24.7826,"x":0.8696}},{"duration":2,"tweenEasing":0,"transform":{"y":-24.7826,"x":0.8696}},{"duration":10,"tweenEasing":0,"transform":{"y":-24.7826,"x":0.8696}},{"duration":0,"transform":{"y":-24.7826,"x":0.8696}}],"name":"Layer29"},{"frame":[{"duration":42,"tweenEasing":0,"transform":{}},{"duration":2,"tweenEasing":0,"transform":{}},{"duration":2,"tweenEasing":0,"transform":{"y":-33.8889,"x":8}},{"duration":2,"tweenEasing":0,"transform":{"y":-33.8889,"x":8}},{"duration":14,"tweenEasing":0,"transform":{"y":-33.8889,"x":8}},{"duration":0,"transform":{"y":-33.8889,"x":8}}],"name":"Layer28"},{"frame":[{"duration":38,"tweenEasing":0,"transform":{}},{"duration":2,"tweenEasing":0,"transform":{}},{"duration":2,"tweenEasing":0,"transform":{"y":-29,"x":5}},{"duration":2,"tweenEasing":0,"transform":{"y":-29,"x":5}},{"duration":18,"tweenEasing":0,"transform":{"y":-29,"x":5}},{"duration":0,"transform":{"y":-29,"x":5}}],"name":"Layer27"},{"frame":[{"duration":34,"tweenEasing":0,"transform":{}},{"duration":2,"tweenEasing":0,"transform":{}},{"duration":2,"tweenEasing":0,"transform":{"y":-27.0588,"x":-4.1176}},{"duration":2,"tweenEasing":0,"transform":{"y":-27.0588,"x":-4.1176}},{"duration":22,"tweenEasing":0,"transform":{"y":-27.0588,"x":-4.1176}},{"duration":0,"transform":{"y":-27.0588,"x":-4.1176}}],"name":"Layer26"},{"frame":[{"duration":30,"tweenEasing":0,"transform":{}},{"duration":2,"tweenEasing":0,"transform":{}},{"duration":2,"tweenEasing":0,"transform":{"y":-39.5,"x":-1.5}},{"duration":2,"tweenEasing":0,"transform":{"y":-39.5,"x":-1.5}},{"duration":26,"tweenEasing":0,"transform":{"y":-39.5,"x":-1.5}},{"duration":0,"transform":{"y":-39.5,"x":-1.5}}],"name":"Layer25"},{"frame":[{"duration":26,"tweenEasing":0,"transform":{}},{"duration":2,"tweenEasing":0,"transform":{}},{"duration":2,"tweenEasing":0,"transform":{"y":-35.3333,"x":4.4444}},{"duration":2,"tweenEasing":0,"transform":{"y":-35.3333,"x":4.4444}},{"duration":30,"tweenEasing":0,"transform":{"y":-35.3333,"x":4.4444}},{"duration":0,"transform":{"y":-35.3333,"x":4.4444}}],"name":"Layer24"},{"frame":[{"duration":22,"tweenEasing":0,"transform":{}},{"duration":2,"tweenEasing":0,"transform":{}},{"duration":2,"tweenEasing":0,"transform":{"y":-28.2308,"x":-3.6154}},{"duration":2,"tweenEasing":0,"transform":{"y":-28.2308,"x":-3.6154}},{"duration":34,"tweenEasing":0,"transform":{"y":-28.2308,"x":-3.6154}},{"duration":0,"transform":{"y":-28.2308,"x":-3.6154}}],"name":"Layer23"},{"frame":[{"duration":18,"tweenEasing":0,"transform":{}},{"duration":2,"tweenEasing":0,"transform":{}},{"duration":2,"tweenEasing":0,"transform":{"y":-34.2857,"x":2.8571}},{"duration":2,"tweenEasing":0,"transform":{"y":-34.2857,"x":2.8571}},{"duration":38,"tweenEasing":0,"transform":{"y":-34.2857,"x":2.8571}},{"duration":0,"transform":{"y":-34.2857,"x":2.8571}}],"name":"Layer22"},{"frame":[{"duration":14,"tweenEasing":0,"transform":{}},{"duration":2,"tweenEasing":0,"transform":{}},{"duration":2,"tweenEasing":0,"transform":{"y":-35,"x":-11.4286}},{"duration":2,"tweenEasing":0,"transform":{"y":-35,"x":-11.4286}},{"duration":42,"tweenEasing":0,"transform":{"y":-35,"x":-11.4286}},{"duration":0,"transform":{"y":-35,"x":-11.4286}}],"name":"Layer21"},{"frame":[{"duration":10,"tweenEasing":0,"transform":{}},{"duration":2,"tweenEasing":0,"transform":{}},{"duration":2,"tweenEasing":0,"transform":{"y":-45,"x":-13.3333}},{"duration":2,"tweenEasing":0,"transform":{"y":-45,"x":-13.3333}},{"duration":46,"tweenEasing":0,"transform":{"y":-45,"x":-13.3333}},{"duration":0,"transform":{"y":-45,"x":-13.3333}}],"name":"Layer20"},{"frame":[{"duration":6,"tweenEasing":0,"transform":{}},{"duration":2,"tweenEasing":0,"transform":{}},{"duration":2,"tweenEasing":0,"transform":{"y":-24.7368,"x":-2.6316}},{"duration":2,"tweenEasing":0,"transform":{"y":-24.7368,"x":-2.6316}},{"duration":50,"tweenEasing":0,"transform":{"y":-24.7368,"x":-2.6316}},{"duration":0,"transform":{"y":-24.7368,"x":-2.6316}}],"name":"Layer19"},{"frame":[{"duration":2,"tweenEasing":0,"transform":{}},{"duration":2,"tweenEasing":0,"transform":{}},{"duration":2,"tweenEasing":0,"transform":{"y":-25.1403,"x":-1.6842}},{"duration":2,"tweenEasing":0,"transform":{"y":-25.1403,"x":-1.6842}},{"duration":54,"tweenEasing":0,"transform":{"y":-15.6667,"x":12}},{"duration":0,"transform":{"y":-15.6667,"x":12}}],"name":"Layer18"},{"frame":[{"duration":2,"tweenEasing":0,"transform":{"y":-31.4286,"x":3.2143}},{"duration":2,"tweenEasing":0,"transform":{"y":-31.4286,"x":3.2143}},{"duration":58,"tweenEasing":0,"transform":{"y":-31.4286,"x":3.2143}},{"duration":0,"transform":{"y":-31.4286,"x":3.2143}}],"name":"Layer11"},{"frame":[{"duration":62,"transform":{}}],"name":"root"}],"duration":62,"slot":[{"frame":[{"duration":58,"displayIndex":-1,"tweenEasing":0},{"duration":2,"displayIndex":-1,"tweenEasing":0},{"duration":2,"tweenEasing":0},{"duration":0,"tweenEasing":null}],"name":"Layer32"},{"frame":[{"duration":54,"displayIndex":-1,"tweenEasing":0},{"duration":2,"displayIndex":-1,"tweenEasing":0},{"duration":2,"tweenEasing":0},{"duration":2,"tweenEasing":0},{"duration":2,"displayIndex":-1,"tweenEasing":0},{"duration":0,"displayIndex":-1,"tweenEasing":null}],"name":"Layer31"},{"frame":[{"duration":50,"displayIndex":-1,"tweenEasing":0},{"duration":2,"displayIndex":-1,"tweenEasing":0},{"duration":2,"tweenEasing":0},{"duration":2,"tweenEasing":0},{"duration":6,"displayIndex":-1,"tweenEasing":0},{"duration":0,"displayIndex":-1,"tweenEasing":null}],"name":"Layer30"},{"frame":[{"duration":46,"displayIndex":-1,"tweenEasing":0},{"duration":2,"displayIndex":-1,"tweenEasing":0},{"duration":2,"tweenEasing":0},{"duration":2,"tweenEasing":0},{"duration":10,"displayIndex":-1,"tweenEasing":0},{"duration":0,"displayIndex":-1,"tweenEasing":null}],"name":"Layer29"},{"frame":[{"duration":42,"displayIndex":-1,"tweenEasing":0},{"duration":2,"displayIndex":-1,"tweenEasing":0},{"duration":2,"tweenEasing":0},{"duration":2,"tweenEasing":0},{"duration":14,"displayIndex":-1,"tweenEasing":0},{"duration":0,"displayIndex":-1,"tweenEasing":null}],"name":"Layer28"},{"frame":[{"duration":38,"displayIndex":-1,"tweenEasing":0},{"duration":2,"displayIndex":-1,"tweenEasing":0},{"duration":2,"tweenEasing":0},{"duration":2,"tweenEasing":0},{"duration":18,"displayIndex":-1,"tweenEasing":0},{"duration":0,"displayIndex":-1,"tweenEasing":null}],"name":"Layer27"},{"frame":[{"duration":34,"displayIndex":-1,"tweenEasing":0},{"duration":2,"displayIndex":-1,"tweenEasing":0},{"duration":2,"tweenEasing":0},{"duration":2,"tweenEasing":0},{"duration":22,"displayIndex":-1,"tweenEasing":0},{"duration":0,"displayIndex":-1,"tweenEasing":null}],"name":"Layer26"},{"frame":[{"duration":30,"displayIndex":-1,"tweenEasing":0},{"duration":2,"displayIndex":-1,"tweenEasing":0},{"duration":2,"tweenEasing":0},{"duration":2,"tweenEasing":0},{"duration":26,"displayIndex":-1,"tweenEasing":0},{"duration":0,"displayIndex":-1,"tweenEasing":null}],"name":"Layer25"},{"frame":[{"duration":26,"displayIndex":-1,"tweenEasing":0},{"duration":2,"displayIndex":-1,"tweenEasing":0},{"duration":2,"tweenEasing":0},{"duration":2,"tweenEasing":0},{"duration":30,"displayIndex":-1,"tweenEasing":0},{"duration":0,"displayIndex":-1,"tweenEasing":null}],"name":"Layer24"},{"frame":[{"duration":22,"displayIndex":-1,"tweenEasing":0},{"duration":2,"displayIndex":-1,"tweenEasing":0},{"duration":2,"tweenEasing":0},{"duration":2,"tweenEasing":0},{"duration":34,"displayIndex":-1,"tweenEasing":0},{"duration":0,"displayIndex":-1,"tweenEasing":null}],"name":"Layer23"},{"frame":[{"duration":18,"displayIndex":-1,"tweenEasing":0},{"duration":2,"displayIndex":-1,"tweenEasing":0},{"duration":2,"tweenEasing":0},{"duration":2,"tweenEasing":0},{"duration":38,"displayIndex":-1,"tweenEasing":0},{"duration":0,"displayIndex":-1,"tweenEasing":null}],"name":"Layer22"},{"frame":[{"duration":14,"displayIndex":-1,"tweenEasing":0},{"duration":2,"displayIndex":-1,"tweenEasing":0},{"duration":2,"tweenEasing":0},{"duration":2,"tweenEasing":0},{"duration":42,"displayIndex":-1,"tweenEasing":0},{"duration":0,"displayIndex":-1,"tweenEasing":null}],"name":"Layer21"},{"frame":[{"duration":10,"displayIndex":-1,"tweenEasing":0},{"duration":2,"displayIndex":-1,"tweenEasing":0},{"duration":2,"tweenEasing":0},{"duration":2,"tweenEasing":0},{"duration":46,"displayIndex":-1,"tweenEasing":0},{"duration":0,"displayIndex":-1,"tweenEasing":null}],"name":"Layer20"},{"frame":[{"duration":6,"displayIndex":-1,"tweenEasing":0},{"duration":2,"displayIndex":-1,"tweenEasing":0},{"duration":2,"tweenEasing":0},{"duration":2,"tweenEasing":0},{"duration":50,"displayIndex":-1,"tweenEasing":0},{"duration":0,"displayIndex":-1,"tweenEasing":null}],"name":"Layer19"},{"frame":[{"duration":2,"displayIndex":-1,"tweenEasing":0},{"duration":2,"displayIndex":-1,"tweenEasing":0},{"duration":2,"tweenEasing":0},{"duration":2,"tweenEasing":0},{"duration":54,"displayIndex":-1,"tweenEasing":0},{"duration":0,"displayIndex":-1,"tweenEasing":null}],"name":"Layer18"},{"frame":[{"duration":2,"tweenEasing":0},{"duration":2,"tweenEasing":0},{"duration":58,"displayIndex":-1,"tweenEasing":0},{"duration":0,"displayIndex":-1,"tweenEasing":null}],"name":"Layer11"}],"playTimes":0,"name":"miaoyi","ffd":[]}],"slot":[{"color":{},"name":"Layer11","parent":"Layer11"},{"z":1,"color":{},"name":"Layer18","parent":"Layer18"},{"z":2,"color":{},"name":"Layer19","parent":"Layer19"},{"z":3,"color":{},"name":"Layer20","parent":"Layer20"},{"z":4,"color":{},"name":"Layer21","parent":"Layer21"},{"z":5,"color":{},"name":"Layer22","parent":"Layer22"},{"z":6,"color":{},"name":"Layer23","parent":"Layer23"},{"z":7,"color":{},"name":"Layer24","parent":"Layer24"},{"z":8,"color":{},"name":"Layer25","parent":"Layer25"},{"z":9,"color":{},"name":"Layer26","parent":"Layer26"},{"z":10,"color":{},"name":"Layer27","parent":"Layer27"},{"z":11,"color":{},"name":"Layer28","parent":"Layer28"},{"z":12,"color":{},"name":"Layer29","parent":"Layer29"},{"z":13,"color":{},"name":"Layer30","parent":"Layer30"},{"z":14,"color":{},"name":"Layer31","parent":"Layer31"},{"z":15,"color":{},"name":"Layer32","parent":"Layer32"}],"bone":[{"name":"root","transform":{}},{"inheritScale":false,"transform":{},"name":"Layer25","parent":"root"},{"inheritScale":false,"transform":{},"name":"Layer18","parent":"root"},{"inheritScale":false,"transform":{},"name":"Layer19","parent":"root"},{"inheritScale":false,"transform":{},"name":"Layer20","parent":"root"},{"inheritScale":false,"transform":{},"name":"Layer21","parent":"root"},{"inheritScale":false,"transform":{},"name":"Layer22","parent":"root"},{"inheritScale":false,"transform":{},"name":"Layer23","parent":"root"},{"inheritScale":false,"transform":{},"name":"Layer24","parent":"root"},{"inheritScale":false,"transform":{},"name":"Layer11","parent":"root"},{"inheritScale":false,"transform":{},"name":"Layer26","parent":"root"},{"inheritScale":false,"transform":{},"name":"Layer27","parent":"root"},{"inheritScale":false,"transform":{},"name":"Layer28","parent":"root"},{"inheritScale":false,"transform":{},"name":"Layer29","parent":"root"},{"inheritScale":false,"transform":{},"name":"Layer30","parent":"root"},{"inheritScale":false,"transform":{},"name":"Layer31","parent":"root"},{"inheritScale":false,"transform":{},"name":"Layer32","parent":"root"}],"name":"armatureName"}],"isGlobal":0,"name":"10004","version":"5.0"}