{"skeleton":{"hash":"tAq6U6ZD3g9Kkiv23xHfGcD+A2M","spine":"3.6.52","width":293.2,"height":321.91},"bones":[{"name":"root"},{"name":"bone","parent":"root","x":27.52,"y":82.97},{"name":"body_1","parent":"bone","length":80.45,"rotation":161.33,"x":-13.57,"y":4.96},{"name":"bone2","parent":"root","x":-24.34,"y":39.71},{"name":"bone3","parent":"root","x":-34.95,"y":39.61},{"name":"bone4","parent":"root","x":49.36,"y":7.08},{"name":"bone5","parent":"root","x":38.15,"y":5.43},{"name":"bozi_1","parent":"body_1","length":86.62,"rotation":-81.51,"x":88.02,"y":-23.52},{"name":"bozi_2","parent":"bozi_1","length":68.41,"rotation":25.27,"x":104.09,"y":-2.61},{"name":"tou","parent":"bozi_2","length":27.78,"rotation":87.66,"x":57.02,"y":13.61},{"name":"bone6","parent":"tou","length":8.23,"rotation":-176.62,"x":-2.77,"y":-15.26},{"name":"bone7","parent":"bone6","length":8.07,"rotation":26.53,"x":8.23},{"name":"bone8","parent":"root","x":-35.2,"y":6.48},{"name":"bone9","parent":"root","x":-45.89,"y":6.48},{"name":"hou xiao tui","parent":"body_1","length":33.87,"rotation":100.85,"x":-27.64,"y":3.8},{"name":"hou jiao","parent":"hou xiao tui","length":38.15,"rotation":31.73,"x":33.87},{"name":"hou jiao2","parent":"hou jiao","length":4.63,"rotation":-104.54,"x":37.2,"y":-4.2},{"name":"hou xiao tui_2","parent":"body_1","length":33.87,"rotation":100.85,"x":-22.69,"y":5.48},{"name":"hou jiao_2","parent":"hou xiao tui_2","length":38.15,"rotation":22.37,"x":33.87},{"name":"hou jiao_3","parent":"hou jiao_2","length":5.52,"rotation":-98.9,"x":34.26,"y":-3.11},{"name":"qian da tui","parent":"body_1","length":19.99,"rotation":75.76,"x":41.19,"y":11.09},{"name":"qian xiao tui","parent":"qian da tui","length":37.41,"rotation":56.77,"x":19.99},{"name":"qian da tui_2","parent":"body_1","length":19.99,"rotation":75.76,"x":51.17,"y":14.46},{"name":"qian xiao tui_2","parent":"qian da tui_2","length":37.41,"rotation":56.77,"x":19.99},{"name":"qian jiao","parent":"qian xiao tui","length":35.27,"rotation":-41.79,"x":37.41},{"name":"target2","parent":"root","x":-45.73,"y":8.61},{"name":"qian jiao_2","parent":"qian xiao tui_2","length":35.27,"rotation":-41.79,"x":37.41},{"name":"wei_1","parent":"body_1","length":42.3,"rotation":176.43,"x":-70.45,"y":6.27},{"name":"wei_2","parent":"wei_1","length":31.97,"rotation":2.31,"x":42.3},{"name":"wei_3","parent":"wei_2","length":30.79,"rotation":15.81,"x":31.97}],"slots":[{"name":"hou jiao_2","bone":"root","attachment":"hou jiao_2"},{"name":"hou xiao tui_2","bone":"root","attachment":"hou xiao tui_2"},{"name":"qian jiao_2","bone":"root","attachment":"qian jiao_2"},{"name":"qian xiao tui_2","bone":"root","attachment":"qian xiao tui_2"},{"name":"shen ti","bone":"root","attachment":"shen ti"},{"name":"hou da tui","bone":"root","attachment":"hou da tui"},{"name":"hou xiao tui","bone":"root","attachment":"hou xiao tui"},{"name":"hou jiao","bone":"root","attachment":"hou jiao"},{"name":"qian da tui","bone":"root","attachment":"qian da tui"},{"name":"qian xiao tui","bone":"root","attachment":"qian xiao tui"},{"name":"qian jiao","bone":"root","attachment":"qian jiao"},{"name":"tou kui","bone":"root","attachment":"tou kui"}],"ik":[{"name":"bone2","order":0,"bones":["qian da tui","qian xiao tui"],"target":"bone2"},{"name":"bone3","order":1,"bones":["qian da tui_2","qian xiao tui_2"],"target":"bone3"},{"name":"bone4","order":3,"bones":["hou xiao tui","hou jiao"],"target":"bone4"},{"name":"bone5","order":2,"bones":["hou xiao tui_2","hou jiao_2"],"target":"bone5"},{"name":"bone8","order":4,"bones":["qian jiao"],"target":"bone8"},{"name":"target","order":5,"bones":["qian jiao_2"],"target":"target2"}],"skins":{"default":{"hou da tui":{"hou da tui":{"type":"mesh","uvs":[1,0.5137,0.87146,0.80065,0.57146,1,0.30146,1,0.14146,0.81379,0,0.43265,0,0.1676,0.75346,0,1,0],"triangles":[5,6,7,7,8,0,5,7,0,1,5,0,4,5,1,2,3,4,1,2,4],"vertices":[1,2,-51.57,1.98,1,1,2,-49.82,15.29,1,1,2,-39.43,27.64,1,1,2,-27.66,31.62,1,1,2,-18.19,26.56,1,1,2,-6.9,13.48,1,1,2,-3.33,2.93,1,1,2,-33.91,-14.83,1,1,2,-44.66,-18.46,1],"hull":9}},"hou jiao":{"hou jiao":{"type":"mesh","uvs":[0.60277,0.0577,0.70686,0.109,0.80254,0.21713,0.87149,0.29504,0.9452,0.46178,1,0.72153,1,0.84684,1,1,0.78538,1,0.46215,1,0.22035,1,0.24628,0.84041,0.26703,0.71276,0.21052,0.50741,0.09503,0.35121,0,0.25292,0,0.14255,0.04894,0.06006,0.20374,0,0.48572,0,0.38772,0.21311,0.48058,0.37096,0.46183,0.83914,0.72442,0.83887],"triangles":[23,5,6,23,22,21,9,23,8,8,23,6,9,22,23,8,6,7,11,22,9,10,11,9,11,12,22,14,17,18,20,18,19,22,12,21,23,4,5,4,21,3,3,21,2,21,4,23,12,13,21,13,20,21,13,14,20,21,1,2,21,0,1,21,20,0,14,16,17,14,18,20,14,15,16,20,19,0],"vertices":[2,15,1.76,12.3,0.62,14,28.9,11.39,0.38,2,15,5.54,14.61,0.69916,14,30.9,15.34,0.30084,2,15,11.74,15.52,0.87113,14,35.69,19.38,0.12887,2,15,16.21,16.18,0.94015,14,39.15,22.29,0.05985,2,15,24.72,15.23,0.99254,14,46.89,25.95,0.00746,1,15,37.13,11.82,1,1,16,-14.49,1.97,1,1,16,-13.27,9.38,1,1,16,-5.86,8.16,1,1,16,5.31,6.31,1,1,16,13.66,4.93,1,1,16,11.49,-2.63,1,2,15,26.34,-11.46,0.67,16,9.75,-8.69,0.33,1,15,16.34,-9.19,1,2,15,7.71,-9.78,0.99226,14,45.57,-4.26,0.00774,2,15,1.96,-10.87,0.86929,14,41.25,-8.21,0.13071,2,15,-2.99,-8.67,0.56193,14,35.89,-8.95,0.43807,2,15,-5.99,-5.47,0.25712,14,31.66,-7.8,0.74288,2,15,-6.48,0.68,9.7E-4,14,28,-2.83,0.99903,2,15,-2.48,9.7,0.56,14,26.66,6.94,0.44,2,15,5.67,2.33,0.9254,14,37.47,4.96,0.0746,2,15,14.06,2.17,0.99262,14,44.69,9.24,0.00738,1,16,4.03,-1.47,1,1,16,-5.04,0.02,1],"hull":20}},"hou jiao_2":{"hou jiao_2":{"type":"mesh","uvs":[0.65727,0.08969,0.82703,0.23932,0.92568,0.41124,1,0.6325,1,0.85092,1,1,0.76879,1,0.47234,1,0.20304,1,0.23432,0.84895,0.26498,0.70095,0.15715,0.44785,0.06234,0.32685,0,0.24728,0,0.12153,0.06769,0.05786,0.19845,0,0.39574,0,0.21909,0.22818,0.42556,0.1072,0.52762,0.04523,0.49433,0.84696,0.75249,0.84719],"triangles":[7,9,21,6,22,4,21,22,6,7,21,6,6,4,5,8,9,7,22,21,2,9,10,21,22,3,4,12,13,18,11,12,18,19,11,18,10,11,19,10,19,1,21,1,2,21,10,1,3,22,2,20,17,0,19,17,20,19,18,16,19,16,17,15,16,18,14,15,18,13,14,18,0,19,20,1,19,0],"vertices":[2,17,26.57,10.54,0.68809,18,-2.75,12.52,0.31191,2,17,33.05,17.25,0.27618,18,5.8,16.27,0.72382,2,17,40.94,21.72,0.06977,18,14.8,17.4,0.93023,2,17,51.33,25.7,0.00292,18,25.92,17.12,0.99708,1,19,-17.64,-0.71,1,1,19,-16.92,6.56,1,1,19,-9.1,5.79,1,1,19,0.93,4.79,1,1,19,10.05,3.89,1,1,19,8.26,-3.37,1,1,18,22.89,-7.91,1,2,17,46.27,-3.92,0.00117,18,9.97,-8.34,0.99883,2,17,40.83,-7.92,0.15145,18,3.42,-9.98,0.84855,2,17,37.26,-10.55,0.41956,18,-0.89,-11.05,0.58044,2,17,31.15,-11.39,0.82718,18,-6.85,-9.5,0.17282,2,17,27.75,-9.54,0.95797,18,-9.29,-6.49,0.04203,1,17,24.33,-5.52,1,2,17,23.42,1.13,0.9972,18,-9.24,5.02,0.0028,2,17,35.32,-3.3,0.31682,18,0.08,-3.6,0.68318,2,17,28.49,2.85,0.93924,18,-3.9,4.68,0.06076,2,17,25.01,5.87,0.89579,18,-5.96,8.8,0.10421,1,19,-0.55,-2.6,1,1,19,-9.28,-1.72,1],"hull":18}},"hou xiao tui":{"hou xiao tui":{"type":"mesh","uvs":[0.91059,0.07185,1,0.16643,1,0.28895,0.85873,0.71607,0.73181,0.89912,0.48489,1,0.30701,1,0.13163,0.92653,0,0.80297,0,0.60061,0,0.43434,0,0.32812,0.07521,0.16948,0.19521,0.06728,0.3706,0,0.76982,0,0.28426,0.77427,0.58051,0.76873,0.30661,0.59692,0.60846,0.59877,0.89747,0.59893,0.31779,0.43619,0.63641,0.4288,0.94733,0.44819],"triangles":[5,17,4,17,5,16,7,16,6,5,6,16,7,8,16,4,17,3,8,9,16,16,18,17,16,9,18,17,19,3,17,18,19,2,20,23,2,3,20,3,19,20,9,10,18,19,22,20,20,22,23,18,21,19,19,21,22,18,10,21,23,22,2,21,11,12,12,13,21,21,14,22,21,13,14,21,10,11,22,0,2,22,15,0,22,14,15,0,1,2],"vertices":[1,14,-9.75,16.59,1,1,14,-4.7,20.81,1,1,14,2.47,21.79,1,2,14,28.18,19.76,0.74358,15,5.55,19.8,0.25642,2,14,39.55,16.32,0.27319,15,13.42,10.9,0.72681,1,15,14.95,-0.32,1,2,14,47.7,0.72,0.00187,15,12.14,-6.66,0.99813,2,14,44.34,-6.65,0.17187,15,5.41,-11.16,0.82813,2,14,37.81,-12.72,0.66128,15,-3.34,-12.89,0.33872,2,14,25.99,-14.35,0.99562,15,-14.25,-8.06,0.00438,1,14,16.27,-15.68,1,1,14,10.06,-16.53,1,1,14,0.39,-14.9,1,1,14,-6.22,-11.08,1,1,14,-11.09,-4.85,1,1,14,-13.2,10.58,1,2,14,34.63,-1.97,0.57686,15,-0.39,-2.07,0.42314,2,14,32.73,9.43,0.5299,15,3.99,8.62,0.4701,1,14,24.14,-2.53,1,2,14,22.65,9.15,0.93932,15,-4.73,13.68,0.06068,2,14,21.13,20.32,0.91049,15,-0.16,23.98,0.08951,1,14,14.69,-3.39,1,2,14,12.57,8.86,0.99805,15,-13.46,18.74,0.00195,2,14,12.05,21.03,0.991,15,-7.5,29.36,0.009],"hull":16}},"hou xiao tui_2":{"hou xiao tui_2":{"type":"mesh","uvs":[1,0.34897,0.87991,0.67975,0.7296,0.89556,0.50099,1,0.23168,1,0.11581,0.93186,0,0.8411,0,0,1,0],"triangles":[1,2,3,3,4,5,1,3,5,1,5,6,6,7,1,1,7,0,7,8,0],"vertices":[1,17,-0.04,14.61,1,1,17,19.91,12.74,1,1,17,33.31,8.81,1,1,17,40.59,1.05,1,2,17,41.98,-9.09,0.99937,2,-21.66,48.42,6.3E-4,2,17,38.6,-14,0.99486,2,-16.2,46.02,0.00514,2,17,33.89,-19.09,0.98249,2,-10.32,42.36,0.01751,1,2,5.57,-4.66,1,2,17,-20.44,11.81,0.94596,2,-30.44,-16.82,0.05404],"hull":9}},"qian da tui":{"qian da tui":{"type":"mesh","uvs":[0.83495,0.12063,1,0.34161,1,0.55751,0.84791,1,0.54972,1,0.26721,0.89485,0,0.70943,0,0.52401,0.32423,0,0.53689,0],"triangles":[0,5,9,9,7,8,0,1,2,3,4,2,4,5,2,5,0,2,7,9,5,5,6,7],"vertices":[1,2,33.45,0.58,1,2,20,-7.21,17.72,0.26,2,22.25,8.45,0.74,2,20,1.85,23.58,0.5,2,18.79,18.68,0.5,1,20,24.48,29.34,1,1,20,32.41,17.08,1,1,20,35.52,2.6,1,1,20,34.85,-13.43,1,1,20,27.07,-18.47,1,1,2,59.08,2.87,1,1,2,49.21,-0.46,1],"hull":10}},"qian jiao":{"qian jiao":{"type":"mesh","uvs":[0.95213,0.04159,1,0.0989,0.93618,0.25407,0.88202,0.35002,0.81183,0.48643,0.60865,1,0,1,0,0.86452,0.15578,0.34333,0.19344,0.21732,0.28113,0.08665,0.42039,0,0.66729,0,0.90013,0,0.49968,0.42936,0.56158,0.27828,0.62347,0.13536],"triangles":[5,7,14,5,14,4,14,7,8,7,5,6,14,15,4,4,15,3,8,9,14,14,9,15,15,16,3,3,16,2,13,16,12,16,13,2,9,10,15,10,11,15,15,11,16,2,0,1,2,13,0,16,11,12],"vertices":[2,24,-8.2,10.69,0.23053,21,38.43,13.43,0.76947,2,24,-6.14,13.27,0.3224,21,41.68,13.98,0.6776,2,24,1.69,13.25,0.72606,21,47.51,8.75,0.27394,2,24,6.71,12.71,0.93383,21,50.89,5.01,0.06617,2,24,13.76,12.19,0.99977,21,55.8,-0.08,2.3E-4,1,24,39.59,12.43,1,1,24,46.71,-9.57,1,1,24,40.52,-11.57,1,2,24,14.9,-13.64,0.94129,21,39.43,-20.1,0.05871,2,24,8.7,-14.14,0.80021,21,34.48,-16.34,0.19979,2,24,1.71,-12.9,0.50058,21,30.09,-10.76,0.49942,2,24,-3.88,-9.15,0.13848,21,28.43,-4.24,0.86152,1,21,32.22,4.34,1,2,24,-9.49,8.2,0.16049,21,35.8,12.43,0.83951,1,24,14.81,0.06,1,1,24,7.18,0.07,1,2,24,-0.07,0.19,0.49343,21,37.49,0.19,0.50657],"hull":14}},"qian jiao_2":{"qian jiao_2":{"type":"mesh","uvs":[0.92576,0.07647,0.99999,0.26251,0.85114,0.45931,0.6854,0.7076,0.61289,1,1.0E-5,0.94417,0.01577,0.86468,0.11848,0.56424,0.29394,0.22587,0.46268,0,0.64671,1.0E-5],"triangles":[2,0,1,3,8,2,7,8,3,4,7,3,6,7,4,5,6,4,2,10,0,2,8,10,8,9,10],"vertices":[2,23,37.29,16.62,0.67825,26,-11.16,12.31,0.32175,2,23,46.63,15.65,0.41502,26,-3.56,17.81,0.58498,2,23,52.92,6.52,0.08161,26,7.22,15.2,0.91839,1,26,20.54,12.71,1,1,26,34.77,14.34,1,1,26,39.58,-9.22,1,1,26,35.76,-9.81,1,2,23,45.97,-21.65,0.00103,26,20.8,-10.44,0.99897,1,23,33.88,-8.82,1,2,23,26.63,1.58,0.99999,26,-9.1,-6,1.0E-5,2,23,29.53,8.15,0.98306,26,-11.31,0.82,0.01694],"hull":11}},"qian xiao tui":{"qian xiao tui":{"type":"mesh","uvs":[0.71393,0.06591,0.76385,0.17062,0.85151,0.40727,0.92579,0.62718,1,0.80823,0.92636,0.93169,0.81303,0.99999,0.67437,1,0.5277,0.97052,0.40655,0.9011,0.32937,0.76797,0.23344,0.6025,0.12145,0.41634,0.06064,0.29671,0,0.17741,0.27839,0,0.68251,1.0E-5,0.25884,0.20461,0.47567,0.13359,0.30009,0.32304,0.52572,0.2212],"triangles":[6,7,3,5,6,3,8,3,7,4,5,3,17,15,18,17,14,15,10,3,8,3,10,2,2,10,20,9,10,8,20,1,2,10,11,20,20,11,19,11,12,19,12,13,19,13,17,19,19,18,20,19,17,18,13,14,17,20,0,1,20,18,0,18,16,0,18,15,16],"vertices":[2,21,2.3,17.33,0.86159,20,6.67,11.33,0.13841,2,21,8.07,17.23,0.88,20,10,16.2,0.12,2,21,20.71,15.95,0.9183,20,17.99,26.06,0.0817,3,21,32.32,14.47,0.86824,20,25.59,34.96,0.00323,24,-13.45,7.4,0.12853,2,21,42.11,13.79,0.40536,24,-5.69,13.41,0.59464,2,21,46.53,8.22,0.12301,24,1.32,12.2,0.87699,2,21,47.65,2.14,0.00167,24,6.21,8.42,0.99833,1,24,8.13,2.48,1,2,21,41.08,-8.99,0.1613,24,8.73,-4.26,0.8387,2,21,35.64,-12.55,0.5228,24,7.04,-10.54,0.4772,2,21,28.03,-12.98,0.85247,24,1.65,-15.93,0.14753,2,21,18.56,-13.51,0.99052,24,-5.05,-22.64,0.00948,2,21,7.84,-14.28,0.76,20,36.22,-1.27,0.24,2,21,1.13,-14.31,0.80006,20,32.63,-6.81,0.19994,2,21,-5.51,-14.34,0.84,20,28.97,-12.48,0.16,1,20,14.56,-6.87,1,2,21,-1.36,17.4,0.85,20,4.68,8.4,0.15,2,21,0.46,-4.23,0.42002,20,23.79,-1.9,0.57998,2,21,1.11,6.14,0.66131,20,15.42,4.26,0.33869,3,21,6.74,-4.99,0.66871,20,27.83,2.96,0.32808,24,-19.55,-24.16,0.00321,3,21,6.1,6.39,0.71608,20,17.92,8.6,0.2834,24,-27.6,-16.1,5.2E-4],"hull":17}},"qian xiao tui_2":{"qian xiao tui_2":{"type":"mesh","uvs":[0.73344,0.1164,0.83966,0.29969,0.94166,0.59252,1,0.78928,1,0.86645,0.95148,0.9364,0.80332,1,0.58248,1,0.43153,0.92192,0.29455,0.76516,0.1408,0.48057,0,0.23699,0,0.14775,0.08769,0.07299,0.29176,0,0.53776,0,0.6781,0.89695,0.86819,0.86095,0.52278,0.70695,0.73374,0.66095],"triangles":[11,12,13,10,13,14,11,13,10,1,18,0,19,1,2,15,10,14,0,10,15,19,18,1,0,18,10,9,10,18,17,19,2,3,17,2,17,3,4,16,18,19,16,19,17,8,9,18,8,18,16,5,17,4,7,8,16,6,16,17,6,17,5,7,16,6],"vertices":[2,22,3.54,13.72,0.67443,23,2.46,21.27,0.32557,2,22,8.85,22.72,0.32813,23,12.9,21.76,0.67187,3,22,18.95,34.6,0.04303,23,28.38,19.83,0.94383,26,-19.95,8.76,0.01313,3,22,25.98,42.21,0.00338,23,38.59,18.11,0.84411,26,-11.19,14.29,0.15251,3,22,29.29,44.35,6.9E-4,23,42.19,16.52,0.76969,26,-7.45,15.5,0.22962,3,22,33.44,44.49,1.0E-5,23,44.59,13.13,0.68246,26,-3.4,14.57,0.31754,2,23,44.92,5.85,0.40531,26,1.7,9.37,0.59469,1,26,4.69,0.12,1,2,23,34.66,-7.5,0.87078,26,2.94,-7.42,0.12922,1,23,24.91,-9.78,1,2,22,33.3,1.91,0.00128,23,8.9,-10.09,0.99872,2,22,26.24,-10.04,0.5608,23,-4.97,-10.73,0.4392,2,22,22.42,-12.51,0.73824,23,-9.13,-8.89,0.26176,2,22,17.12,-11.34,0.90303,23,-11.05,-3.82,0.09697,1,22,9.12,-5.82,1,2,22,3.24,3.26,0.96311,23,-6.45,15.8,0.03689,2,23,37.88,2.94,0.67423,26,-1.61,2.51,0.32577,3,22,32.2,39.32,6.7E-4,23,39.59,11.33,0.74861,26,-5.93,9.9,0.25072,2,22,33.87,22.3,2.9E-4,23,26.26,0.61,0.99971,3,22,26.85,28.82,0.01961,23,27.87,10.05,0.97702,26,-13.81,1.13,0.00337],"hull":16}},"shen ti":{"shen ti":{"type":"mesh","uvs":[0.1984,0.03722,0.24784,0.07875,0.2666,0.13445,0.26092,0.18712,0.25807,0.22454,0.25168,0.26244,0.24422,0.30661,0.23384,0.39058,0.22506,0.45106,0.23225,0.52079,0.27233,0.56434,0.35038,0.57412,0.44671,0.57412,0.56767,0.61819,0.643,0.67725,0.71344,0.7491,0.75279,0.79468,0.79326,0.84138,0.83257,0.87975,0.86947,0.91275,0.91459,0.94668,1,0.97055,1,1,0.90794,1,0.83847,0.97446,0.77915,0.95081,0.73185,0.92646,0.66628,0.89308,0.60695,0.87291,0.5365,0.86644,0.41529,0.88375,0.28942,0.87406,0.13791,0.80414,0.04234,0.69267,0.06573,0.55372,0.10018,0.43389,0.1175,0.37364,0.13449,0.31455,0.14752,0.26922,0.15776,0.23361,0.16491,0.17638,0.17108,0.12705,0.12861,0.09078,0.0941,0.1034,0,0.09709,0,0.05767,0.0764,0,0.12167,0,0.65298,0.79871,0.76174,0.8829,0.85124,0.94386,0.60045,0.77852,0.14152,0.54093,0.15932,0.44838,0.17635,0.35566,0.19432,0.27052,0.21354,0.20933,0.21165,0.13431,0.188,0.0753,0.13597,0.05338,0.18817,0.64367,0.29697,0.70268,0.44549,0.73808,0.53631,0.76],"triangles":[50,19,20,23,50,20,23,20,21,24,50,23,23,21,22,49,17,18,50,18,19,25,49,18,25,18,50,26,49,25,24,25,50,49,16,17,16,27,48,16,48,15,27,16,49,28,48,27,26,27,49,15,48,14,60,52,9,60,9,10,61,10,11,60,10,61,62,11,12,62,12,13,61,11,62,63,62,13,63,13,14,51,63,14,48,51,14,60,33,34,32,60,61,32,33,60,29,63,51,28,51,48,29,51,28,31,32,61,31,61,62,30,31,62,29,30,62,29,62,63,38,39,55,6,55,5,55,37,38,54,55,6,54,37,55,36,37,54,7,54,6,53,36,54,53,54,7,35,36,53,8,53,7,52,35,53,9,52,53,9,53,8,34,35,52,34,52,60,55,56,5,59,47,0,58,59,0,58,0,1,42,59,58,41,42,58,57,58,1,41,58,57,57,1,2,40,41,57,3,57,2,56,57,3,40,57,56,4,56,3,39,40,56,5,56,4,55,39,56,42,43,59,47,59,46,43,44,45,59,43,46,43,45,46],"vertices":[1,8,54.46,-9.78,1,1,8,38.37,-19.68,1,1,8,20.24,-20.19,1,2,8,4.78,-14.39,0.8,7,114.56,-13.58,0.2,2,8,-6.28,-10.59,0.67,7,102.92,-14.87,0.33,2,8,-17.24,-5.79,0.28,7,90.97,-15.21,0.72,2,8,-30.01,-0.2,0.01802,7,77.04,-15.6,0.98198,2,7,50.75,-17.39,0.87,2,78.31,-76.28,0.13,2,7,31.74,-18.33,0.64,2,74.59,-57.62,0.36,2,7,10.68,-24.14,0.18,2,65.73,-37.65,0.82,1,2,50.82,-28.34,1,3,7,0.11,-59.4,0.02162,2,29.29,-32.4,0.97834,27,-106.96,-1.2,4.0E-5,1,2,3.92,-40.97,1,1,2,-32.34,-38.71,1,2,2,-58.08,-27.95,0.92,27,-24.21,27.17,0.08,2,2,-83.81,-12.98,0.25,27,5.24,22.84,0.75,2,27,22.79,19.13,0.73,28,-18.71,19.9,0.27,2,27,40.81,15.36,0.55524,28,-0.86,15.41,0.44476,2,28,15.13,12.75,0.78,29,-12.73,16.86,0.22,2,28,29.56,11,0.58977,29,0.68,11.25,0.41023,2,28,45.96,10.44,0.17,29,16.31,6.23,0.83,1,29,41.1,8.39,1,1,29,44.6,-0.11,1,2,28,54.79,-3.78,0.17,29,20.93,-9.85,0.83,2,28,34.69,-9.46,0.43482,29,0.04,-9.84,0.56518,2,28,17.17,-13.85,0.78,29,-18.02,-9.3,0.22,2,27,45.07,-15.91,0.44541,28,2.13,-16.01,0.55459,2,27,24.45,-19.83,0.73,28,-18.63,-19.09,0.27,2,2,-68.13,33.09,0.59,27,7.82,-25.76,0.41,1,2,-48.93,37.45,1,1,2,-18.73,53.35,1,1,2,15.39,61.69,1,1,2,62.27,54.5,1,1,2,98.58,30.06,1,2,7,-7.61,19.61,0.47,2,106.29,-13.09,0.53,2,7,30.88,16.79,0.82,2,109.19,-51.58,0.18,1,7,50.23,15.37,1,1,7,69.21,13.99,1,2,8,-11.74,22.72,0.2,7,83.77,12.92,0.8,2,8,-1.76,17.08,0.43965,7,95.21,12.08,0.56035,2,8,14.97,10.51,0.79,7,113.14,13.28,0.21,2,9,-9.88,27.26,0.01107,8,29.38,4.85,0.98893,2,9,-0.86,13.62,0.16,8,43.38,13.3,0.84,2,9,9.36,15.34,0.55,8,42.08,23.59,0.45,1,9,34.44,7.65,1,1,9,31.73,-4.35,1,2,9,7.04,-17.21,0.98622,8,74.5,19.94,0.01378,2,9,-5.24,-14.43,0.56,8,71.23,7.79,0.44,1,27,2.51,0.15,1,2,27,42.56,-0.18,0.47363,28,0.26,-0.19,0.52637,2,28,31.57,0.24,0.53878,29,-0.31,0.34,0.46122,1,2,-56.99,5.77,1,2,7,0.04,-0.42,0.99758,2,87.61,-23.62,0.00242,2,7,29.33,-0.19,0.74964,2,92.17,-52.56,0.25036,2,7,58.64,0.26,0.94243,2,96.94,-81.48,0.05757,2,8,-15.52,10.26,0.22814,7,85.67,0.04,0.77186,2,8,1.52,0.13,0.86319,7,105.41,-1.84,0.13681,3,9,-20.39,31.96,0.00605,8,24.26,-5.45,0.98683,7,128.35,2.81,0.00712,2,9,-18.04,12.55,0.0046,8,43.74,-3.9,0.9954,2,9,-5.44,2.69,0.54059,8,54.11,8.29,0.45941,2,7,-29.22,-18.86,0.2751,2,65.06,2.6,0.7249,1,2,30.52,10.36,1,1,2,-12.14,7.6,1,3,7,-47.83,-120.53,0.01247,2,-38.25,6,0.98522,27,-29.99,-11.73,0.00231],"hull":48}},"tou kui":{"tou kui":{"type":"mesh","uvs":[1,0.20643,0.94354,0.39095,0.84501,0.50708,0.72891,0.54579,0.62878,0.54129,0.78585,1,0,1,0,0.83161,0.25609,0.39033,0.43073,0.35807,0.52891,0.31001,0.62062,0.25968,0.72403,0.22485,0.8333,0.14355,0.92891,0,1,0,0.59037,0.40643,0.53671,0.47353,0.78452,0.33676,0.6811,0.37805,0.86549,0.2516],"triangles":[16,9,10,3,4,19,17,16,4,8,17,7,8,9,17,6,17,4,17,6,7,4,5,6,17,9,16,2,18,1,18,20,1,1,20,0,18,12,20,12,13,20,20,13,0,13,14,0,14,15,0,2,3,19,4,16,19,19,18,2,19,16,11,16,10,11,19,12,18,19,11,12],"vertices":[1,11,9.26,-3.02,1,2,10,14.05,-3.42,0.03397,11,3.68,-5.66,0.96603,2,10,9.17,-5.75,0.55605,11,-1.73,-5.57,0.44395,2,10,4.27,-5.58,0.47,9,-7.36,-9.94,0.53,1,9,-3.38,-10.98,1,1,9,-6.52,4.31,1,1,9,24.9,-2.8,1,1,9,23.75,-7.89,1,1,9,10.49,-18.91,1,1,9,3.28,-18.31,1,2,10,-1.58,3.72,0.23,9,-0.97,-18.87,0.77,3,10,2.46,4.17,0.73162,11,-3.3,6.31,0.00838,9,-4.98,-19.57,0.26,2,10,6.84,4.03,0.62684,11,0.55,4.23,0.37316,2,10,11.84,5.2,0.01283,11,5.56,3.04,0.98717,1,11,11.46,3.66,1,1,11,13.6,1.68,1,1,10,0.01,0.14,1,1,9,-0.16,-13.86,1,2,10,8.26,0.01,0.47498,11,0.03,-0.01,0.52502,1,10,3.83,-0.04,1,1,11,4.26,-0.31,1],"hull":16}}}},"animations":{"wait":{"bones":{"root":{"rotate":[{"time":0,"angle":0,"curve":"stepped"},{"time":1.3333,"angle":0}],"translate":[{"time":0,"x":0,"y":0,"curve":"stepped"},{"time":1.3333,"x":0,"y":0}],"scale":[{"time":0,"x":1,"y":1,"curve":"stepped"},{"time":1.3333,"x":1,"y":1}]},"bone":{"rotate":[{"time":0,"angle":0,"curve":"stepped"},{"time":1.3333,"angle":0}],"translate":[{"time":0,"x":0,"y":0,"curve":[0.25,0,0.75,1]},{"time":0.6667,"x":0,"y":-7.68,"curve":[0.25,0,0.75,1]},{"time":1.3333,"x":0,"y":0}],"scale":[{"time":0,"x":1,"y":1,"curve":"stepped"},{"time":1.3333,"x":1,"y":1}]},"body_1":{"rotate":[{"time":0,"angle":-0.75,"curve":[0.25,0,0.75,1]},{"time":0.6667,"angle":4.27,"curve":[0.25,0,0.75,1]},{"time":1.3333,"angle":-0.75}],"translate":[{"time":0,"x":0,"y":0,"curve":"stepped"},{"time":1.3333,"x":0,"y":0}],"scale":[{"time":0,"x":1,"y":1,"curve":"stepped"},{"time":1.3333,"x":1,"y":1}]},"bozi_1":{"rotate":[{"time":0,"angle":0,"curve":[0.25,0,0.75,1]},{"time":0.6667,"angle":7.28,"curve":[0.25,0,0.75,1]},{"time":1.3333,"angle":0}],"translate":[{"time":0,"x":0,"y":0,"curve":"stepped"},{"time":1.3333,"x":0,"y":0}],"scale":[{"time":0,"x":1,"y":1,"curve":"stepped"},{"time":1.3333,"x":1,"y":1}]},"bozi_2":{"rotate":[{"time":0,"angle":0,"curve":[0.243,0.25,0.75,1]},{"time":0.3333,"angle":-8.24,"curve":[0.25,0,0.75,1]},{"time":1,"angle":3.81,"curve":[0.25,0,0.837,0.77]},{"time":1.3333,"angle":0}],"translate":[{"time":0,"x":0,"y":0,"curve":"stepped"},{"time":1.3333,"x":0,"y":0}],"scale":[{"time":0,"x":1,"y":1,"curve":"stepped"},{"time":1.3333,"x":1,"y":1}]},"tou":{"translate":[{"time":0,"x":0,"y":0,"curve":"stepped"},{"time":1.3333,"x":0,"y":0}],"scale":[{"time":0,"x":1,"y":1,"curve":"stepped"},{"time":1.3333,"x":1,"y":1}]},"bone6":{"rotate":[{"time":0,"angle":26.43,"curve":[0.25,0,0.75,1]},{"time":0.6667,"angle":347.8,"curve":[0.25,0,0.75,1]},{"time":1.3333,"angle":26.43}],"translate":[{"time":0,"x":0,"y":0,"curve":"stepped"},{"time":1.3333,"x":0,"y":0}],"scale":[{"time":0,"x":1,"y":1,"curve":"stepped"},{"time":1.3333,"x":1,"y":1}]},"bone7":{"rotate":[{"time":0,"angle":0,"curve":[0.196,0.26,0.75,1]},{"time":0.3333,"angle":21.29,"curve":[0.25,0,0.75,1]},{"time":1,"angle":-25.29,"curve":[0.25,0,0.83,0.8]},{"time":1.3333,"angle":0}],"translate":[{"time":0,"x":0,"y":0,"curve":"stepped"},{"time":1.3333,"x":0,"y":0}],"scale":[{"time":0,"x":1,"y":1,"curve":"stepped"},{"time":1.3333,"x":1,"y":1}]},"wei_1":{"rotate":[{"time":0,"angle":-354.69,"curve":[0.25,0,0.75,1]},{"time":0.6667,"angle":-11.89,"curve":[0.25,0,0.75,1]},{"time":1.3333,"angle":-354.69}],"translate":[{"time":0,"x":0,"y":0,"curve":"stepped"},{"time":1.3333,"x":0,"y":0}],"scale":[{"time":0,"x":1,"y":1,"curve":"stepped"},{"time":1.3333,"x":1,"y":1}]},"wei_2":{"rotate":[{"time":0,"angle":0,"curve":[0.25,0.29,0.75,1]},{"time":0.3333,"angle":11.47,"curve":[0.25,0,0.75,1]},{"time":1,"angle":-14.12,"curve":[0.25,0,0.777,0.75]},{"time":1.3333,"angle":0}],"translate":[{"time":0,"x":0,"y":0,"curve":"stepped"},{"time":1.3333,"x":0,"y":0}],"scale":[{"time":0,"x":1,"y":1,"curve":"stepped"},{"time":1.3333,"x":1,"y":1}]},"wei_3":{"rotate":[{"time":0,"angle":-15.09,"curve":[0.25,0,0.75,1]},{"time":0.6667,"angle":15.57,"curve":[0.25,0,0.75,1]},{"time":1.3333,"angle":-15.09}],"translate":[{"time":0,"x":0,"y":0,"curve":"stepped"},{"time":1.3333,"x":0,"y":0}],"scale":[{"time":0,"x":1,"y":1,"curve":"stepped"},{"time":1.3333,"x":1,"y":1}]},"bone2":{"rotate":[{"time":0,"angle":0,"curve":"stepped"},{"time":1.3333,"angle":0}],"translate":[{"time":0,"x":0,"y":0,"curve":"stepped"},{"time":1.3333,"x":0,"y":0}],"scale":[{"time":0,"x":1,"y":1,"curve":"stepped"},{"time":1.3333,"x":1,"y":1}]},"qian da tui":{"rotate":[{"time":0,"angle":-0.27,"curve":"stepped"},{"time":1.3333,"angle":-0.27}],"translate":[{"time":0,"x":0,"y":0,"curve":"stepped"},{"time":1.3333,"x":0,"y":0}],"scale":[{"time":0,"x":1,"y":1,"curve":"stepped"},{"time":1.3333,"x":1,"y":1}]},"qian xiao tui":{"rotate":[{"time":0,"angle":0.4,"curve":"stepped"},{"time":1.3333,"angle":0.4}],"translate":[{"time":0,"x":0,"y":0,"curve":"stepped"},{"time":1.3333,"x":0,"y":0}],"scale":[{"time":0,"x":1,"y":1,"curve":"stepped"},{"time":1.3333,"x":1,"y":1}]},"bone8":{"rotate":[{"time":0,"angle":0,"curve":"stepped"},{"time":1.3333,"angle":0}],"translate":[{"time":0,"x":0,"y":0,"curve":"stepped"},{"time":1.3333,"x":0,"y":0}],"scale":[{"time":0,"x":1,"y":1,"curve":"stepped"},{"time":1.3333,"x":1,"y":1}]},"qian jiao":{"rotate":[{"time":0,"angle":-0.3,"curve":"stepped"},{"time":1.3333,"angle":-0.3}],"translate":[{"time":0,"x":0,"y":0,"curve":"stepped"},{"time":1.3333,"x":0,"y":0}],"scale":[{"time":0,"x":1,"y":1,"curve":"stepped"},{"time":1.3333,"x":1,"y":1}]},"hou xiao tui":{"rotate":[{"time":0,"angle":-0.61,"curve":"stepped"},{"time":1.3333,"angle":-0.61}],"translate":[{"time":0,"x":0,"y":0,"curve":"stepped"},{"time":1.3333,"x":0,"y":0}],"scale":[{"time":0,"x":1,"y":1,"curve":"stepped"},{"time":1.3333,"x":1,"y":1}]},"hou jiao":{"rotate":[{"time":0,"angle":0.53,"curve":"stepped"},{"time":1.3333,"angle":0.53}],"translate":[{"time":0,"x":0,"y":0,"curve":"stepped"},{"time":1.3333,"x":0,"y":0}],"scale":[{"time":0,"x":1,"y":1,"curve":"stepped"},{"time":1.3333,"x":1,"y":1}]},"bone3":{"rotate":[{"time":0,"angle":0,"curve":"stepped"},{"time":1.3333,"angle":0}],"translate":[{"time":0,"x":0,"y":0,"curve":"stepped"},{"time":1.3333,"x":0,"y":0}],"scale":[{"time":0,"x":1,"y":1,"curve":"stepped"},{"time":1.3333,"x":1,"y":1}]},"qian da tui_2":{"rotate":[{"time":0,"angle":-0.06,"curve":"stepped"},{"time":1.3333,"angle":-0.06}],"translate":[{"time":0,"x":0,"y":0,"curve":"stepped"},{"time":1.3333,"x":0,"y":0}],"scale":[{"time":0,"x":1,"y":1,"curve":"stepped"},{"time":1.3333,"x":1,"y":1}]},"qian xiao tui_2":{"rotate":[{"time":0,"angle":-0.04,"curve":"stepped"},{"time":1.3333,"angle":-0.04}],"translate":[{"time":0,"x":0,"y":0,"curve":"stepped"},{"time":1.3333,"x":0,"y":0}],"scale":[{"time":0,"x":1,"y":1,"curve":"stepped"},{"time":1.3333,"x":1,"y":1}]},"target2":{"rotate":[{"time":0,"angle":0,"curve":"stepped"},{"time":1.3333,"angle":0}],"translate":[{"time":0,"x":0,"y":0,"curve":"stepped"},{"time":1.3333,"x":0,"y":0}],"scale":[{"time":0,"x":1,"y":1,"curve":"stepped"},{"time":1.3333,"x":1,"y":1}]},"qian jiao_2":{"rotate":[{"time":0,"angle":-1.15,"curve":"stepped"},{"time":1.3333,"angle":-1.15}],"translate":[{"time":0,"x":0,"y":0,"curve":"stepped"},{"time":1.3333,"x":0,"y":0}],"scale":[{"time":0,"x":1,"y":1,"curve":"stepped"},{"time":1.3333,"x":1,"y":1}]},"bone5":{"rotate":[{"time":0,"angle":0}],"translate":[{"time":0,"x":4.58,"y":-1}],"scale":[{"time":0,"x":1,"y":1}]},"hou xiao tui_2":{"rotate":[{"time":0,"angle":-2.27,"curve":"stepped"},{"time":1.3333,"angle":-2.27}],"translate":[{"time":0,"x":0,"y":0,"curve":"stepped"},{"time":1.3333,"x":0,"y":0}],"scale":[{"time":0,"x":1,"y":1,"curve":"stepped"},{"time":1.3333,"x":1,"y":1}]},"hou jiao_2":{"rotate":[{"time":0,"angle":3.53,"curve":"stepped"},{"time":1.3333,"angle":3.53}],"translate":[{"time":0,"x":0,"y":0,"curve":"stepped"},{"time":1.3333,"x":0,"y":0}],"scale":[{"time":0,"x":1,"y":1,"curve":"stepped"},{"time":1.3333,"x":1,"y":1}]},"bone9":{"rotate":[{"time":0,"angle":0,"curve":"stepped"},{"time":1.3333,"angle":0}],"translate":[{"time":0,"x":0,"y":0,"curve":"stepped"},{"time":1.3333,"x":0,"y":0}],"scale":[{"time":0,"x":1,"y":1,"curve":"stepped"},{"time":1.3333,"x":1,"y":1}]},"hou jiao_3":{"rotate":[{"time":0,"angle":8.34,"curve":[0.25,0,0.75,1]},{"time":0.6667,"angle":-9.87,"curve":[0.25,0,0.75,1]},{"time":1.3333,"angle":8.34}],"translate":[{"time":0,"x":0,"y":0,"curve":[0.25,0,0.75,1]},{"time":0.6667,"x":-0.47,"y":0.29,"curve":[0.25,0,0.75,1]},{"time":1.3333,"x":0,"y":0}]},"hou jiao2":{"rotate":[{"time":0,"angle":3.42,"curve":[0.25,0,0.75,1]},{"time":0.6667,"angle":-10.91,"curve":[0.25,0,0.75,1]},{"time":1.3333,"angle":3.42}],"translate":[{"time":0,"x":0,"y":0},{"time":0.6667,"x":-1.01,"y":0.08},{"time":1.3333,"x":0,"y":0}]},"bone4":{"translate":[{"time":0,"x":-3.62,"y":-0.64,"curve":"stepped"},{"time":1.3333,"x":-3.62,"y":-0.64}]}}}}}