{"frameRate":60,"armature":[{"defaultActions":[{"gotoAndPlay":"ashesk03"}],"type":"Armature","frameRate":60,"skin":[{"name":"","slot":[{"display":[{"path":"ashe-4-12","type":"image","name":"ashe-4-12","transform":{"y":9,"x":-1}}],"name":"Layer78"},{"display":[{"path":"ashe-4-7","type":"image","name":"ashe-4-7","transform":{"y":-12,"x":2}}],"name":"Layer54"},{"display":[{"path":"ashe-3-5","type":"image","name":"ashe-3-5","transform":{"y":24,"x":8}}],"name":"Layer98"},{"display":[{"path":"ashe-4-10","type":"image","name":"ashe-4-10","transform":{"y":-5,"x":-1}}],"name":"Layer68"},{"display":[{"path":"ashe-3-7","type":"image","name":"ashe-3-7","transform":{"y":4,"x":14}}],"name":"Layer100"},{"display":[{"path":"ashe-4-5","type":"image","name":"ashe-4-5","transform":{"y":-9,"x":-1}}],"name":"Layer47"},{"display":[{"path":"ashe-4-2","type":"image","name":"ashe-4-2","transform":{"y":-3,"x":6}}],"name":"Layer44"},{"display":[{"path":"ashe-4-4","type":"image","name":"ashe-4-4","transform":{"skY":180,"y":7,"skX":180,"x":1}}],"name":"Layer46"},{"display":[{"path":"ashe-4-1","type":"image","name":"ashe-4-1","transform":{"y":2,"x":7}}],"name":"Layer40"},{"display":[{"path":"ashe-4-6","type":"image","name":"ashe-4-6","transform":{"y":-7,"x":2}}],"name":"Layer48"},{"display":[{"path":"ashe-3-4","type":"image","name":"ashe-3-4","transform":{"y":6,"x":16}}],"name":"Layer97"},{"display":[{"path":"ashe-4-11","type":"image","name":"ashe-4-11","transform":{"y":2,"x":2}}],"name":"Layer77"},{"display":[{"path":"ashe-4-3","type":"image","name":"ashe-4-3","transform":{"y":-9,"x":4}}],"name":"Layer45"},{"display":[{"path":"ashe-4-9","type":"image","name":"ashe-4-9","transform":{"x":3}}],"name":"Layer58"},{"display":[{"path":"ashe-3-3","type":"image","name":"ashe-3-3","transform":{"y":8}}],"name":"Layer96"},{"display":[{"path":"ashe-3-6","type":"image","name":"ashe-3-6","transform":{"y":2,"x":4}}],"name":"Layer99"},{"display":[{"path":"ashe-3-2","type":"image","name":"ashe-3-2","transform":{"y":8,"x":-6}}],"name":"Layer94"},{"display":[{"path":"ashe-4-8","type":"image","name":"ashe-4-8","transform":{"y":-4,"x":4}}],"name":"Layer57"},{"display":[{"path":"ashe-3-1","type":"image","name":"ashe-3-1","transform":{"y":2,"x":12}}],"name":"Layer93"}]}],"aabb":{"width":161,"y":-69.5,"height":168,"x":-76},"ik":[],"animation":[{"ik":[],"frame":[],"bone":[{"frame":[{"duration":2,"tweenEasing":0,"transform":{"y":112.8568,"scX":2,"scY":2,"x":-17.1428}},{"duration":2,"tweenEasing":0,"transform":{"y":112.8568,"scX":2,"scY":2,"x":-17.1428}},{"duration":42,"tweenEasing":0,"transform":{"y":-871.7142,"x":262.5714}},{"duration":0,"transform":{"y":-871.7142,"x":262.5714}}],"name":"Layer100"},{"frame":[{"duration":2,"tweenEasing":0,"transform":{"y":-419.9999,"x":469.9999}},{"duration":2,"tweenEasing":0,"transform":{"y":-419.9999,"x":469.9999}},{"duration":2,"tweenEasing":0,"transform":{"scX":2,"scY":2}},{"duration":2,"tweenEasing":0,"transform":{"scX":2,"scY":2}},{"duration":38,"tweenEasing":0,"transform":{"y":-883.3332,"x":409.9999}},{"duration":0,"transform":{"y":-883.3332,"x":409.9999}}],"name":"Layer99"},{"frame":[{"duration":6,"tweenEasing":0,"transform":{"y":-419.9999,"x":469.9999}},{"duration":2,"tweenEasing":0,"transform":{"y":-419.9999,"x":469.9999}},{"duration":2,"tweenEasing":0,"transform":{"y":-61.8181,"scX":2,"scY":2,"x":-0.9091}},{"duration":2,"tweenEasing":0,"transform":{"y":-61.8181,"scX":2,"scY":2,"x":-0.9091}},{"duration":34,"tweenEasing":0,"transform":{"y":-927.2726,"scX":1.5,"x":522.7273}},{"duration":0,"transform":{"y":-927.2726,"scX":1.5,"x":522.7273}}],"name":"Layer98"},{"frame":[{"duration":10,"tweenEasing":0,"transform":{"y":-419.9999,"x":469.9999}},{"duration":2,"tweenEasing":0,"transform":{"y":-419.9999,"x":469.9999}},{"duration":2,"tweenEasing":0,"transform":{"y":-52.7272,"scX":2,"scY":2,"x":-14.5454}},{"duration":2,"tweenEasing":0,"transform":{"y":-52.7272,"scX":2,"scY":2,"x":-14.5454}},{"duration":30,"tweenEasing":0,"transform":{"y":-944.4441,"scX":1.5,"x":665.2776}},{"duration":0,"transform":{"y":-944.4441,"scX":1.5,"x":665.2776}}],"name":"Layer97"},{"frame":[{"duration":14,"tweenEasing":0,"transform":{"y":-419.9999,"x":469.9999}},{"duration":2,"tweenEasing":0,"transform":{"y":-419.9999,"x":469.9999}},{"duration":2,"tweenEasing":0,"transform":{"y":-93.6362,"scX":2,"scY":2,"x":3.6364}},{"duration":2,"tweenEasing":0,"transform":{"y":-93.6362,"scX":2,"scY":2,"x":3.6364}},{"duration":26,"tweenEasing":0,"transform":{"y":-958.3333,"scX":1.5,"x":832.5}},{"duration":0,"transform":{"y":-958.3333,"scX":1.5,"x":832.5}}],"name":"Layer96"},{"frame":[{"duration":18,"tweenEasing":0,"transform":{"y":-419.9999,"x":469.9999}},{"duration":2,"tweenEasing":0,"transform":{"y":-419.9999,"x":469.9999}},{"duration":2,"tweenEasing":0,"transform":{"y":-143.636,"scX":2,"scY":2,"x":19.0909}},{"duration":2,"tweenEasing":0,"transform":{"y":-143.636,"scX":2,"scY":2,"x":19.0909}},{"duration":22,"tweenEasing":0,"transform":{"y":-993.3333,"scX":1.5,"x":979.9998}},{"duration":0,"transform":{"y":-993.3333,"scX":1.5,"x":979.9998}}],"name":"Layer94"},{"frame":[{"duration":22,"tweenEasing":0,"transform":{"y":-419.9999,"x":469.9999}},{"duration":2,"tweenEasing":0,"transform":{"y":-419.9999,"x":469.9999}},{"duration":2,"tweenEasing":0,"transform":{"y":-147.2724,"scX":2,"scY":2,"x":-20}},{"duration":2,"tweenEasing":0,"transform":{"y":-147.2724,"scX":2,"scY":2,"x":-20}},{"duration":18,"tweenEasing":0,"transform":{"y":-1033.3334,"scX":1.5,"x":1099.9999}},{"duration":0,"transform":{"y":-1033.3334,"scX":1.5,"x":1099.9999}}],"name":"Layer93"},{"frame":[{"duration":42,"tweenEasing":0,"transform":{}},{"duration":2,"tweenEasing":0,"transform":{}},{"duration":2,"tweenEasing":0,"transform":{"y":-233.8882,"scX":2,"scY":2,"x":2.2222}},{"duration":0,"transform":{"y":-233.8882,"scX":2,"scY":2,"x":2.2222}}],"name":"Layer78"},{"frame":[{"duration":38,"tweenEasing":0,"transform":{}},{"duration":2,"tweenEasing":0,"transform":{}},{"duration":2,"tweenEasing":0,"transform":{"y":-206.2542,"scX":2,"scY":2,"x":-3.4314}},{"duration":2,"tweenEasing":0,"transform":{"y":-206.2542,"scX":2,"scY":2,"x":-3.4314}},{"duration":2,"tweenEasing":0,"transform":{"y":-391.8571,"x":-537.2856}},{"duration":0,"transform":{"y":-391.8571,"x":-537.2856}}],"name":"Layer77"},{"frame":[{"duration":34,"tweenEasing":0,"transform":{}},{"duration":2,"tweenEasing":0,"transform":{}},{"duration":2,"tweenEasing":0,"transform":{"y":-194.6662,"scX":2,"scY":2,"x":2.2222}},{"duration":2,"tweenEasing":0,"transform":{"y":-194.6662,"scX":2,"scY":2,"x":2.2222}},{"duration":6,"tweenEasing":0,"transform":{"y":-212.8095,"x":-874.5237}},{"duration":0,"transform":{"y":-212.8095,"x":-874.5237}}],"name":"Layer68"},{"frame":[{"duration":30,"tweenEasing":0,"transform":{}},{"duration":2,"tweenEasing":0,"transform":{}},{"duration":2,"tweenEasing":0,"transform":{"y":-206.5711,"scX":2,"scY":2,"x":-6.4286}},{"duration":2,"tweenEasing":0,"transform":{"y":-206.5711,"scX":2,"scY":2,"x":-6.4286}},{"duration":10,"tweenEasing":0,"transform":{"y":-213.5,"x":-691.0001}},{"duration":0,"transform":{"y":-213.5,"x":-691.0001}}],"name":"Layer58"},{"frame":[{"duration":26,"tweenEasing":0,"transform":{}},{"duration":2,"tweenEasing":0,"transform":{}},{"duration":2,"tweenEasing":0,"transform":{"y":-197.4282,"scX":2,"scY":2,"x":-8.4286}},{"duration":2,"tweenEasing":0,"transform":{"y":-197.4282,"scX":2,"scY":2,"x":-8.4286}},{"duration":14,"tweenEasing":0,"transform":{"y":-219.0002,"x":-489.0003}},{"duration":0,"transform":{"y":-219.0002,"x":-489.0003}}],"name":"Layer57"},{"frame":[{"duration":22,"tweenEasing":0,"transform":{}},{"duration":2,"tweenEasing":0,"transform":{}},{"duration":2,"tweenEasing":0,"transform":{"y":-178.0786,"scX":2,"scY":2,"x":-4.3859}},{"duration":2,"tweenEasing":0,"transform":{"y":-178.0786,"scX":2,"scY":2,"x":-4.3859}},{"duration":18,"tweenEasing":0,"transform":{"y":-205.2354,"x":-269.5296}},{"duration":0,"transform":{"y":-205.2354,"x":-269.5296}}],"name":"Layer54"},{"frame":[{"duration":18,"tweenEasing":0,"transform":{}},{"duration":2,"tweenEasing":0,"transform":{}},{"duration":2,"tweenEasing":0,"transform":{"y":-182.9996,"scX":2,"scY":2,"x":-5}},{"duration":2,"tweenEasing":0,"transform":{"y":-182.9996,"scX":2,"scY":2,"x":-5}},{"duration":22,"tweenEasing":0,"transform":{"y":-197.27,"x":-49.2857}},{"duration":0,"transform":{"y":-197.27,"x":-49.2857}}],"name":"Layer48"},{"frame":[{"duration":14,"tweenEasing":0,"transform":{}},{"duration":2,"tweenEasing":0,"transform":{}},{"duration":2,"tweenEasing":0,"transform":{"y":-186.0519,"scX":2,"scY":2,"x":2.1579}},{"duration":2,"tweenEasing":0,"transform":{"y":-186.0519,"scX":2,"scY":2,"x":2.1579}},{"duration":26,"tweenEasing":0,"transform":{"y":-4,"x":-844.001}},{"duration":0,"transform":{"y":-4,"x":-844.001}}],"name":"Layer47"},{"frame":[{"duration":6,"tweenEasing":0,"transform":{}},{"duration":2,"tweenEasing":0,"transform":{}},{"duration":2,"tweenEasing":0,"transform":{"y":-176.4995,"scX":2,"scY":2,"x":1.8929}},{"duration":2,"tweenEasing":0,"transform":{"y":-176.4995,"scX":2,"scY":2,"x":1.8929}},{"duration":34,"tweenEasing":0,"transform":{"x":-625.0002}},{"duration":0,"transform":{"x":-625.0002}}],"name":"Layer46"},{"frame":[{"duration":10,"tweenEasing":0,"transform":{}},{"duration":2,"tweenEasing":0,"transform":{}},{"duration":2,"tweenEasing":0,"transform":{"y":-171.3936,"scX":2,"scY":2,"x":-7.9394}},{"duration":2,"tweenEasing":0,"transform":{"y":-171.3936,"scX":2,"scY":2,"x":-7.9394}},{"duration":30,"tweenEasing":0,"transform":{"y":16.5556,"x":-423.5557}},{"duration":0,"transform":{"y":16.5556,"x":-423.5557}}],"name":"Layer45"},{"frame":[{"duration":2,"tweenEasing":0,"transform":{"y":19.3333,"x":-235.3334}},{"duration":2,"tweenEasing":0,"transform":{"y":19.3333,"x":-235.3334}},{"duration":2,"tweenEasing":0,"transform":{"y":-181.1675,"scX":2,"scY":2,"x":-12.1092}},{"duration":2,"tweenEasing":0,"transform":{"y":-181.1675,"scX":2,"scY":2,"x":-12.1092}},{"duration":38,"tweenEasing":0,"transform":{"y":19.3333,"x":-235.3334}},{"duration":0,"transform":{"y":19.3333,"x":-235.3334}}],"name":"Layer44"},{"frame":[{"duration":2,"tweenEasing":0,"transform":{"y":-191.428,"scX":2,"scY":2,"x":-14.2857}},{"duration":2,"tweenEasing":0,"transform":{"y":-191.428,"scX":2,"scY":2,"x":-14.2857}},{"duration":42,"tweenEasing":0,"transform":{}},{"duration":0,"transform":{}}],"name":"Layer40"},{"frame":[{"duration":46,"transform":{}}],"name":"root"}],"duration":46,"slot":[{"frame":[{"duration":2,"tweenEasing":0},{"duration":2,"tweenEasing":0},{"duration":42,"displayIndex":-1,"tweenEasing":0},{"duration":0,"displayIndex":-1,"tweenEasing":null}],"name":"Layer100"},{"frame":[{"duration":2,"displayIndex":-1,"tweenEasing":0},{"duration":2,"displayIndex":-1,"tweenEasing":0},{"duration":2,"tweenEasing":0},{"duration":2,"tweenEasing":0},{"duration":38,"displayIndex":-1,"tweenEasing":0},{"duration":0,"displayIndex":-1,"tweenEasing":null}],"name":"Layer99"},{"frame":[{"duration":6,"displayIndex":-1,"tweenEasing":0},{"duration":2,"displayIndex":-1,"tweenEasing":0},{"duration":2,"tweenEasing":0},{"duration":2,"tweenEasing":0},{"duration":34,"displayIndex":-1,"tweenEasing":0},{"duration":0,"displayIndex":-1,"tweenEasing":null}],"name":"Layer98"},{"frame":[{"duration":10,"displayIndex":-1,"tweenEasing":0},{"duration":2,"displayIndex":-1,"tweenEasing":0},{"duration":2,"tweenEasing":0},{"duration":2,"tweenEasing":0},{"duration":30,"displayIndex":-1,"tweenEasing":0},{"duration":0,"displayIndex":-1,"tweenEasing":null}],"name":"Layer97"},{"frame":[{"duration":14,"displayIndex":-1,"tweenEasing":0},{"duration":2,"displayIndex":-1,"tweenEasing":0},{"duration":2,"tweenEasing":0},{"duration":2,"tweenEasing":0},{"duration":26,"displayIndex":-1,"tweenEasing":0},{"duration":0,"displayIndex":-1,"tweenEasing":null}],"name":"Layer96"},{"frame":[{"duration":18,"displayIndex":-1,"tweenEasing":0},{"duration":2,"displayIndex":-1,"tweenEasing":0},{"duration":2,"tweenEasing":0},{"duration":2,"tweenEasing":0},{"duration":22,"displayIndex":-1,"tweenEasing":0},{"duration":0,"displayIndex":-1,"tweenEasing":null}],"name":"Layer94"},{"frame":[{"duration":22,"displayIndex":-1,"tweenEasing":0},{"duration":2,"displayIndex":-1,"tweenEasing":0},{"duration":2,"tweenEasing":0},{"duration":2,"tweenEasing":0},{"duration":18,"displayIndex":-1,"tweenEasing":0},{"duration":0,"displayIndex":-1,"tweenEasing":null}],"name":"Layer93"},{"frame":[{"duration":42,"displayIndex":-1,"tweenEasing":0},{"duration":2,"displayIndex":-1,"tweenEasing":0},{"duration":2,"tweenEasing":0},{"duration":0,"tweenEasing":null}],"name":"Layer78"},{"frame":[{"duration":38,"displayIndex":-1,"tweenEasing":0},{"duration":2,"displayIndex":-1,"tweenEasing":0},{"duration":2,"tweenEasing":0},{"duration":2,"tweenEasing":0},{"duration":2,"displayIndex":-1,"tweenEasing":0},{"duration":0,"displayIndex":-1,"tweenEasing":null}],"name":"Layer77"},{"frame":[{"duration":34,"displayIndex":-1,"tweenEasing":0},{"duration":2,"displayIndex":-1,"tweenEasing":0},{"duration":2,"tweenEasing":0},{"duration":2,"tweenEasing":0},{"duration":6,"displayIndex":-1,"tweenEasing":0},{"duration":0,"displayIndex":-1,"tweenEasing":null}],"name":"Layer68"},{"frame":[{"duration":30,"displayIndex":-1,"tweenEasing":0},{"duration":2,"displayIndex":-1,"tweenEasing":0},{"duration":2,"tweenEasing":0},{"duration":2,"tweenEasing":0},{"duration":10,"displayIndex":-1,"tweenEasing":0},{"duration":0,"displayIndex":-1,"tweenEasing":null}],"name":"Layer58"},{"frame":[{"duration":26,"displayIndex":-1,"tweenEasing":0},{"duration":2,"displayIndex":-1,"tweenEasing":0},{"duration":2,"tweenEasing":0},{"duration":2,"tweenEasing":0},{"duration":14,"displayIndex":-1,"tweenEasing":0},{"duration":0,"displayIndex":-1,"tweenEasing":null}],"name":"Layer57"},{"frame":[{"duration":22,"displayIndex":-1,"tweenEasing":0},{"duration":2,"displayIndex":-1,"tweenEasing":0},{"duration":2,"tweenEasing":0},{"duration":2,"tweenEasing":0},{"duration":18,"displayIndex":-1,"tweenEasing":0},{"duration":0,"displayIndex":-1,"tweenEasing":null}],"name":"Layer54"},{"frame":[{"duration":18,"displayIndex":-1,"tweenEasing":0},{"duration":2,"displayIndex":-1,"tweenEasing":0},{"duration":2,"tweenEasing":0},{"duration":2,"tweenEasing":0},{"duration":22,"displayIndex":-1,"tweenEasing":0},{"duration":0,"displayIndex":-1,"tweenEasing":null}],"name":"Layer48"},{"frame":[{"duration":14,"displayIndex":-1,"tweenEasing":0},{"duration":2,"displayIndex":-1,"tweenEasing":0},{"duration":2,"tweenEasing":0},{"duration":2,"tweenEasing":0},{"duration":26,"displayIndex":-1,"tweenEasing":0},{"duration":0,"displayIndex":-1,"tweenEasing":null}],"name":"Layer47"},{"frame":[{"duration":6,"displayIndex":-1,"tweenEasing":0},{"duration":2,"displayIndex":-1,"tweenEasing":0},{"duration":2,"tweenEasing":0},{"duration":2,"tweenEasing":0},{"duration":34,"displayIndex":-1,"tweenEasing":0},{"duration":0,"displayIndex":-1,"tweenEasing":null}],"name":"Layer46"},{"frame":[{"duration":10,"displayIndex":-1,"tweenEasing":0},{"duration":2,"displayIndex":-1,"tweenEasing":0},{"duration":2,"tweenEasing":0},{"duration":2,"tweenEasing":0},{"duration":30,"displayIndex":-1,"tweenEasing":0},{"duration":0,"displayIndex":-1,"tweenEasing":null}],"name":"Layer45"},{"frame":[{"duration":2,"displayIndex":-1,"tweenEasing":0},{"duration":2,"displayIndex":-1,"tweenEasing":0},{"duration":2,"tweenEasing":0},{"duration":2,"tweenEasing":0},{"duration":38,"displayIndex":-1,"tweenEasing":0},{"duration":0,"displayIndex":-1,"tweenEasing":null}],"name":"Layer44"},{"frame":[{"duration":2,"tweenEasing":0},{"duration":2,"tweenEasing":0},{"duration":42,"displayIndex":-1,"tweenEasing":0},{"duration":0,"displayIndex":-1,"tweenEasing":null}],"name":"Layer40"}],"name":"ashesk03","ffd":[]}],"slot":[{"color":{},"name":"Layer40","parent":"Layer40"},{"z":1,"color":{},"name":"Layer44","parent":"Layer44"},{"z":2,"color":{},"name":"Layer45","parent":"Layer45"},{"z":3,"color":{},"name":"Layer46","parent":"Layer46"},{"z":4,"color":{},"name":"Layer47","parent":"Layer47"},{"z":5,"color":{},"name":"Layer48","parent":"Layer48"},{"z":6,"color":{},"name":"Layer54","parent":"Layer54"},{"z":7,"color":{},"name":"Layer57","parent":"Layer57"},{"z":8,"color":{},"name":"Layer58","parent":"Layer58"},{"z":9,"color":{},"name":"Layer68","parent":"Layer68"},{"z":10,"color":{},"name":"Layer77","parent":"Layer77"},{"z":11,"color":{},"name":"Layer78","parent":"Layer78"},{"z":12,"color":{},"name":"Layer93","parent":"Layer93"},{"z":13,"color":{},"name":"Layer94","parent":"Layer94"},{"z":14,"color":{},"name":"Layer96","parent":"Layer96"},{"z":15,"color":{},"name":"Layer97","parent":"Layer97"},{"z":16,"color":{},"name":"Layer98","parent":"Layer98"},{"z":17,"color":{},"name":"Layer99","parent":"Layer99"},{"z":18,"color":{},"name":"Layer100","parent":"Layer100"}],"bone":[{"name":"root","transform":{}},{"inheritScale":false,"transform":{},"name":"Layer68","parent":"root"},{"inheritScale":false,"transform":{},"name":"Layer44","parent":"root"},{"inheritScale":false,"transform":{},"name":"Layer45","parent":"root"},{"length":1,"transform":{"skY":180,"skX":180},"parent":"root","name":"Layer46","inheritScale":false},{"inheritScale":false,"transform":{},"name":"Layer47","parent":"root"},{"inheritScale":false,"transform":{},"name":"Layer48","parent":"root"},{"inheritScale":false,"transform":{},"name":"Layer54","parent":"root"},{"inheritScale":false,"transform":{},"name":"Layer57","parent":"root"},{"inheritScale":false,"transform":{},"name":"Layer58","parent":"root"},{"inheritScale":false,"transform":{},"name":"Layer40","parent":"root"},{"inheritScale":false,"transform":{},"name":"Layer77","parent":"root"},{"inheritScale":false,"transform":{},"name":"Layer78","parent":"root"},{"inheritScale":false,"transform":{},"name":"Layer93","parent":"root"},{"inheritScale":false,"transform":{},"name":"Layer94","parent":"root"},{"inheritScale":false,"transform":{},"name":"Layer96","parent":"root"},{"inheritScale":false,"transform":{},"name":"Layer97","parent":"root"},{"inheritScale":false,"transform":{},"name":"Layer98","parent":"root"},{"inheritScale":false,"transform":{},"name":"Layer99","parent":"root"},{"inheritScale":false,"transform":{},"name":"Layer100","parent":"root"}],"name":"armatureName"}],"isGlobal":0,"name":"10003","version":"5.0"}