{"width":512,"SubTexture":[{"width":150,"y":1,"height":124,"name":"garen-4-3","x":1},{"width":150,"y":229,"height":63,"name":"garen-4-2","x":1},{"width":150,"y":111,"height":107,"name":"garen-5-5","x":305},{"width":147,"y":216,"height":88,"name":"garen-4-1","x":153},{"width":150,"y":112,"height":102,"name":"garen-5-1","x":153},{"width":150,"y":127,"height":100,"name":"garen-5-2","x":1},{"width":150,"y":1,"height":109,"name":"garen-5-3","x":153},{"width":57,"y":294,"height":44,"name":"garen-5-6","x":1},{"width":150,"y":1,"height":108,"name":"garen-5-4","x":305}],"height":512,"name":"10005","imagePath":"10005_tex.png"}