{"width":256,"height":256,"name":"20003","imagePath":"20003_tex.png","SubTexture":[{"width":68,"y":1,"height":68,"name":"009_jianhe","x":82},{"width":25,"y":147,"height":13,"name":"009_youjiao","x":58},{"width":23,"y":170,"height":27,"name":"009_youxiaotui","x":226},{"width":25,"y":199,"height":24,"name":"009_youtui","x":226},{"width":24,"y":109,"height":27,"name":"009_zuoxiaotui","x":172},{"width":13,"y":1,"height":31,"name":"009_zuotui","x":234},{"width":6,"y":95,"height":5,"name":"009_yaobo","x":142},{"width":29,"y":140,"height":39,"name":"009_yaobo1","x":168},{"width":37,"y":140,"height":31,"name":"009_qugan","x":129},{"width":25,"y":170,"height":39,"name":"009_youshangbi","x":199},{"width":27,"y":225,"height":20,"name":"009_youqianbi","x":226},{"width":42,"y":103,"height":31,"name":"009_zuoshangbi","x":209},{"width":56,"y":110,"height":35,"name":"009_bozi","x":58},{"width":55,"y":134,"height":33,"name":"009_gongxia","x":1},{"width":24,"y":147,"height":12,"name":"009_zuojiao","x":85},{"width":41,"y":109,"height":29,"name":"009_peijian","x":129},{"width":33,"y":51,"height":50,"name":"009_gongshang","x":209},{"width":79,"y":1,"height":65,"name":"009_tou","x":1},{"width":20,"y":71,"height":22,"name":"009_youshou","x":129},{"width":69,"y":71,"height":37,"name":"009_jian","x":58},{"width":80,"y":1,"height":48,"name":"009_jian2","x":152},{"width":55,"y":51,"height":56,"name":"009_gongshangbiaoqing","x":152},{"width":38,"y":136,"height":32,"name":"009_zuoxiabi","x":209},{"width":11,"y":95,"height":11,"name":"009_tou1","x":129},{"width":55,"y":68,"height":64,"name":"0009-1-1","x":1}]}