{"width":512,"height":1024,"name":"20001","imagePath":"20001_tex.png","SubTexture":[{"width":47,"y":216,"height":67,"name":"mon0007_weiba03","x":236},{"width":27,"y":436,"height":49,"name":"mon0007_weiba02","x":344},{"width":30,"y":383,"height":31,"name":"mon0007_weiba01","x":362},{"width":31,"y":466,"height":16,"name":"mon0007_youxiaobi","x":373},{"frameHeight":39,"y":263,"frameWidth":31,"frameX":0,"width":31,"frameY":0,"height":37,"name":"mon0007_youshangbi","x":97},{"width":249,"y":1,"height":95,"name":"mon0007_wuqi","x":1},{"width":21,"y":383,"height":24,"name":"mon0007_youshou","x":394},{"width":23,"y":414,"height":17,"name":"mon0007_youjiao","x":32},{"width":63,"y":208,"height":108,"name":"mon0007_qugan","x":425},{"width":17,"y":396,"height":23,"name":"mon0007_youxiaotui","x":492},{"width":39,"y":444,"height":20,"name":"mon0007_youdatui","x":373},{"width":62,"y":495,"height":67,"name":"mon0007_yaobu","x":249},{"width":29,"y":414,"height":22,"name":"mon0007_zuojiao","x":1},{"width":20,"y":414,"height":18,"name":"mon0007_zuoxiaotui","x":57},{"width":33,"y":416,"height":26,"name":"mon0007_zuodatui","x":373},{"frameHeight":22,"y":396,"frameWidth":45,"frameX":0,"width":43,"frameY":0,"height":22,"name":"mon0007_zuoshangbi","x":97},{"width":80,"y":438,"height":73,"name":"mon0007_xiaba","x":167},{"width":144,"y":1,"height":132,"name":"mon0007_tou","x":252},{"width":62,"y":545,"height":66,"name":"mon0007_dunpai","x":1},{"width":100,"y":513,"height":49,"name":"mon0007_shoushang","x":115},{"width":68,"y":396,"height":89,"name":"mon0007-1-1-1","x":422},{"width":94,"y":1,"height":87,"name":"mon0007-1-1-2","x":398},{"width":94,"y":287,"height":83,"name":"mon0007-1-1-3","x":236},{"width":88,"y":318,"height":76,"name":"mon0007-1-1-4","x":422},{"width":78,"y":487,"height":64,"name":"mon0007-1-1-5","x":344},{"width":102,"y":438,"height":54,"name":"mon0007-2-1-1","x":1},{"width":112,"y":494,"height":49,"name":"mon0007-2-1-2","x":1},{"width":94,"y":348,"height":64,"name":"mon0007-2-1-3","x":1},{"width":94,"y":372,"height":64,"name":"mon0007-2-1-4","x":167},{"width":93,"y":438,"height":55,"name":"mon0007-2-1-5","x":249},{"width":90,"y":90,"height":43,"name":"mon0007-2-1-6","x":398},{"width":155,"y":135,"height":71,"name":"masteryi-3-1-1","x":294},{"width":146,"y":135,"height":79,"name":"masteryi-3-1-2","x":146},{"width":143,"y":98,"height":81,"name":"masteryi-3-1-3","x":1},{"width":137,"y":181,"height":80,"name":"masteryi-3-1-4","x":1},{"width":129,"y":208,"height":77,"name":"masteryi-3-1-5","x":294},{"width":97,"y":383,"height":51,"name":"masteryi-7-2-6","x":263},{"width":68,"y":305,"height":89,"name":"mon0008-1-1-1","x":97},{"width":94,"y":216,"height":87,"name":"mon0008-1-1-2","x":140},{"width":94,"y":263,"height":83,"name":"mon0008-1-1-3","x":1},{"width":88,"y":305,"height":76,"name":"mon0008-1-1-4","x":332},{"width":78,"y":487,"height":64,"name":"mon0008-1-1-5","x":424}]}