{"width":1024,"SubTexture":[{"width":160,"y":1,"height":145,"name":"dizuo-2-1_00000","x":641},{"width":158,"y":337,"height":147,"name":"dizuo-2-1_00002","x":481},{"width":158,"y":350,"height":148,"name":"dizuo-2-1_00004","x":160},{"width":157,"y":353,"height":142,"name":"dizuo-2-1_00006","x":1},{"width":158,"y":337,"height":151,"name":"dizuo-2-1_00008","x":321},{"width":162,"y":1,"height":159,"name":"dizuo-2-1_00010","x":329},{"width":162,"y":1,"height":166,"name":"dizuo-2-1_00012","x":165},{"width":159,"y":177,"height":171,"name":"dizuo-2-1_00014","x":160},{"width":157,"y":177,"height":174,"name":"dizuo-2-1_00016","x":1},{"width":159,"y":169,"height":166,"name":"dizuo-2-1_00018","x":321},{"width":162,"y":1,"height":174,"name":"dizuo-2-1_00020","x":1},{"width":160,"y":162,"height":145,"name":"dizuo-2-1_00022","x":482}],"height":512,"name":"10001","imagePath":"10001_tex.png"}