{"width":512,"height":1024,"name":"10000","imagePath":"10000_tex.png","SubTexture":[{"width":123,"y":187,"height":51,"name":"mon0001-6-3","x":288},{"width":120,"y":339,"height":46,"name":"mon0001-6-2","x":1},{"width":115,"y":338,"height":45,"name":"mon0001-6-1","x":247},{"width":110,"y":1,"height":94,"name":"mon0001-4-9","x":112},{"width":109,"y":1,"height":96,"name":"mon0001-4-8","x":1},{"width":106,"y":1,"height":94,"name":"mon0001-4-7","x":224},{"width":104,"y":1,"height":93,"name":"mon0001-4-6","x":332},{"width":100,"y":96,"height":89,"name":"mon0001-4-5","x":332},{"width":94,"y":99,"height":85,"name":"mon0001-4-4","x":1},{"width":80,"y":187,"height":72,"name":"mon0001-4-3","x":413},{"width":59,"y":499,"height":54,"name":"mon0001-4-2","x":50},{"width":28,"y":352,"height":26,"name":"mon0001-4-1","x":215},{"width":11,"y":479,"height":17,"name":"mon0001_zuoshouzhi3","x":50},{"width":29,"y":313,"height":21,"name":"mon0001_zuozhou","x":247},{"width":15,"y":385,"height":22,"name":"mon0001_youshizhi1","x":347},{"width":15,"y":184,"height":21,"name":"mon0001_youshizhi2","x":495},{"width":51,"y":511,"height":45,"name":"mon0001_youxiabi","x":163},{"width":37,"y":254,"height":57,"name":"mon0001_youshangbi","x":247},{"width":41,"y":261,"height":58,"name":"mon0001_youtui","x":467},{"width":83,"y":97,"height":102,"name":"mon0001_qigan","x":112},{"width":50,"y":511,"height":29,"name":"mon0001_tou","x":216},{"width":40,"y":451,"height":58,"name":"mon0001_zuotui","x":188},{"width":4,"y":313,"height":19,"name":"mon0001_shuzhi","x":278},{"width":21,"y":455,"height":22,"name":"mon0001_hua","x":50},{"width":10,"y":479,"height":17,"name":"mon0001_youshizhi3","x":63},{"width":29,"y":352,"height":21,"name":"mon0001_youzhou","x":182},{"width":34,"y":97,"height":55,"name":"mon0001_zuoshangbi","x":294},{"width":50,"y":507,"height":46,"name":"mon0001_zuoxiabi","x":111},{"width":16,"y":154,"height":22,"name":"mon0001_zoushouzhi1","x":294},{"width":15,"y":154,"height":23,"name":"mon0001_zuoshouzhi2","x":312},{"width":18,"y":178,"height":7,"name":"mon0001_huaban","x":288},{"width":16,"y":434,"height":10,"name":"mon0001_huaban1","x":188},{"width":37,"y":338,"height":16,"name":"mon0001_shoushang","x":364},{"frameHeight":73,"y":455,"frameWidth":48,"frameX":-1,"width":47,"frameY":0,"height":73,"name":"mon0001-2-3","x":1},{"frameHeight":61,"y":530,"frameWidth":48,"frameX":-1,"width":45,"frameY":-1,"height":60,"name":"mon0001-2-1","x":1},{"frameHeight":66,"y":387,"frameWidth":73,"frameX":-1,"width":72,"frameY":0,"height":66,"name":"mon0001-3-1","x":1},{"frameHeight":72,"y":434,"frameWidth":46,"frameX":0,"width":46,"frameY":-1,"height":71,"name":"mon0001-2-2","x":140},{"frameHeight":80,"y":173,"frameWidth":90,"frameX":-1,"width":89,"frameY":-1,"height":79,"name":"mon0001-1-1","x":197},{"frameHeight":80,"y":186,"frameWidth":92,"frameX":0,"width":92,"frameY":-1,"height":79,"name":"mon0001-1-2","x":1},{"frameHeight":75,"y":97,"frameWidth":96,"frameX":-1,"width":95,"frameY":-1,"height":74,"name":"mon0001-1-3","x":197},{"width":90,"y":377,"height":55,"name":"mon0001-7-1","x":123},{"width":90,"y":267,"height":70,"name":"mon0001-7-2","x":1},{"width":90,"y":201,"height":76,"name":"mon0001-7-3","x":95},{"width":64,"y":99,"height":83,"name":"mon0001-7-4","x":434},{"width":63,"y":491,"height":63,"name":"mon0001-5-1","x":346},{"width":63,"y":451,"height":63,"name":"mon0001-5-2","x":281},{"width":64,"y":385,"height":64,"name":"mon0001-5-3","x":215},{"width":64,"y":425,"height":64,"name":"mon0001-5-4","x":347},{"width":66,"y":357,"height":66,"name":"mon0001-5-5","x":364},{"width":66,"y":425,"height":66,"name":"mon0001-5-6","x":432},{"width":66,"y":357,"height":66,"name":"mon0001-5-7","x":432},{"width":64,"y":385,"height":64,"name":"mon0001-5-8","x":281},{"width":64,"y":493,"height":64,"name":"mon0001-5-9","x":432},{"width":63,"y":434,"height":63,"name":"mon0001-5-10","x":75},{"width":58,"y":240,"height":96,"name":"mon0001-8-1","x":288},{"width":57,"y":261,"height":94,"name":"mon0001-8-2","x":408},{"width":58,"y":240,"height":96,"name":"mon0001-8-3","x":348},{"width":58,"y":254,"height":96,"name":"mon0001-8-4","x":187},{"width":58,"y":1,"height":96,"name":"mon0001-8-5","x":438},{"width":57,"y":279,"height":96,"name":"mon0001-8-6","x":123}]}