{"frameRate":60,"isGlobal":0,"name":"10006","version":"5.0","armature":[{"slot":[{"name":"Layer127","parent":"Layer127","color":{}},{"z":1,"name":"Layer126","parent":"Layer126","color":{}},{"z":2,"name":"Layer125","parent":"Layer125","color":{}},{"z":3,"name":"Layer124","parent":"Layer124","color":{}},{"z":4,"name":"Layer8","parent":"Layer8","color":{}},{"z":5,"name":"Layer9","parent":"Layer9","color":{}},{"z":6,"name":"Layer10","parent":"Layer10","color":{}},{"z":7,"name":"Layer11","parent":"Layer11","color":{}},{"z":8,"name":"Layer12","parent":"Layer12","color":{}},{"z":9,"name":"Layer13","parent":"Layer13","color":{}},{"z":10,"name":"Layer15","parent":"Layer15","color":{}},{"z":11,"name":"Layer69","parent":"Layer69","color":{}},{"z":12,"name":"Layer70","parent":"Layer70","color":{}},{"z":13,"name":"Layer71","parent":"Layer71","color":{}},{"z":14,"name":"Layer72","parent":"Layer72","color":{}},{"z":15,"name":"Layer73","parent":"Layer73","color":{}},{"z":16,"name":"Layer74","parent":"Layer74","color":{}},{"z":17,"name":"Layer75","parent":"Layer75","color":{}},{"z":18,"name":"Layer83","parent":"Layer83","color":{}},{"z":19,"name":"Layer84","parent":"Layer84","color":{}},{"z":20,"name":"Layer85","parent":"Layer85","color":{}},{"z":21,"name":"Layer86","parent":"Layer86","color":{}},{"z":22,"name":"Layer87","parent":"Layer87","color":{}},{"z":23,"name":"Layer88","parent":"Layer88","color":{}},{"z":24,"name":"Layer89","parent":"Layer89","color":{}},{"z":25,"name":"Layer105","parent":"Layer105","color":{}},{"z":26,"name":"Layer106","parent":"Layer106","color":{}},{"z":27,"name":"Layer107","parent":"Layer107","color":{}},{"z":28,"name":"Layer108","parent":"Layer108","color":{}},{"z":29,"name":"Layer109","parent":"Layer109","color":{}},{"z":30,"name":"Layer110","parent":"Layer110","color":{}},{"z":31,"name":"Layer111","parent":"Layer111","color":{}}],"bone":[{"name":"root","transform":{}},{"inheritScale":false,"transform":{"y":102.7845,"x":166.75997999999998},"name":"Layer74","parent":"root"},{"inheritScale":false,"transform":{"y":-256.24638,"x":70.8},"name":"Layer126","parent":"root"},{"inheritScale":false,"transform":{"y":-259.00638,"x":-39},"name":"Layer125","parent":"root"},{"inheritScale":false,"transform":{"y":-258.28638,"x":-155.64},"name":"Layer124","parent":"root"},{"inheritScale":false,"transform":{},"name":"Layer8","parent":"root"},{"inheritScale":false,"transform":{"y":-81.44322,"x":-48.72},"name":"Layer9","parent":"root"},{"inheritScale":false,"transform":{"y":-82.88322,"x":23.279999999999998},"name":"Layer10","parent":"root"},{"inheritScale":false,"transform":{"y":-79.04321999999999,"x":93.36},"name":"Layer11","parent":"root"},{"inheritScale":false,"transform":{"y":-82.40321999999999,"x":169.2},"name":"Layer12","parent":"root"},{"inheritScale":false,"transform":{"y":-77.60322,"x":234.48},"name":"Layer13","parent":"root"},{"inheritScale":false,"transform":{"y":-76.16322,"x":288.23999999999995},"name":"Layer15","parent":"root"},{"inheritScale":false,"transform":{"y":98.94449999999999,"x":-178.35995999999997},"name":"Layer69","parent":"root"},{"inheritScale":false,"transform":{"y":105.1845,"x":-108.27996},"name":"Layer70","parent":"root"},{"inheritScale":false,"transform":{"y":108.5445,"x":-38.67996},"name":"Layer71","parent":"root"},{"inheritScale":false,"transform":{"y":107.5845,"x":34.76004},"name":"Layer72","parent":"root"},{"inheritScale":false,"transform":{"y":105.1845,"x":101.00004},"name":"Layer73","parent":"root"},{"inheritScale":false,"transform":{"y":-248.32637999999997,"x":180.23999999999998},"name":"Layer127","parent":"root"},{"inheritScale":false,"transform":{"y":83.5845,"x":244.03997999999999},"name":"Layer75","parent":"root"},{"inheritScale":false,"transform":{"y":-155.93544,"x":-172.11996},"name":"Layer83","parent":"root"},{"inheritScale":false,"transform":{"y":-149.69544,"x":-95.79995999999998},"name":"Layer84","parent":"root"},{"inheritScale":false,"transform":{"y":-156.41544000000002,"x":-14.199959999999999},"name":"Layer85","parent":"root"},{"inheritScale":false,"transform":{"y":-157.85544,"x":67.40003999999999},"name":"Layer86","parent":"root"},{"inheritScale":false,"transform":{"y":-157.85544,"x":148.03998},"name":"Layer87","parent":"root"},{"inheritScale":false,"transform":{"y":-157.85544,"x":213.31998},"name":"Layer88","parent":"root"},{"inheritScale":false,"transform":{"y":-161.21544,"x":282.91998},"name":"Layer89","parent":"root"},{"inheritScale":false,"transform":{"y":-172.53858,"x":415.59977999999995},"name":"Layer105","parent":"root"},{"inheritScale":false,"transform":{"y":-63.66593999999999,"x":403.91148},"name":"Layer106","parent":"root"},{"inheritScale":false,"transform":{"y":13.76688,"x":404.12154},"name":"Layer107","parent":"root"},{"inheritScale":false,"transform":{"y":88.8675,"x":403.85322},"name":"Layer108","parent":"root"},{"inheritScale":false,"transform":{"y":-127.25165999999999,"x":499.04819999999995},"name":"Layer109","parent":"root"},{"inheritScale":false,"transform":{"y":-36.91632,"x":493.0557},"name":"Layer110","parent":"root"},{"inheritScale":false,"transform":{"y":36.18678,"x":478.65564},"name":"Layer111","parent":"root"}],"aabb":{"width":743.2370999999999,"y":-275.68638,"height":414.5109,"x":-210.42},"type":"Armature","frameRate":60,"animation":[{"slot":[{"frame":[{"displayIndex":-1,"tweenEasing":0,"duration":42},{"displayIndex":-1,"tweenEasing":0,"duration":3},{"tweenEasing":0,"duration":3},{"tweenEasing":null,"duration":0}],"name":"Layer111"},{"frame":[{"displayIndex":-1,"tweenEasing":0,"duration":36},{"displayIndex":-1,"tweenEasing":0,"duration":3},{"tweenEasing":0,"duration":3},{"tweenEasing":0,"duration":3},{"displayIndex":-1,"tweenEasing":0,"duration":3},{"displayIndex":-1,"tweenEasing":null,"duration":0}],"name":"Layer110"},{"frame":[{"displayIndex":-1,"tweenEasing":0,"duration":30},{"displayIndex":-1,"tweenEasing":0,"duration":3},{"tweenEasing":0,"duration":3},{"tweenEasing":0,"duration":3},{"displayIndex":-1,"tweenEasing":0,"duration":9},{"displayIndex":-1,"tweenEasing":null,"duration":0}],"name":"Layer109"},{"frame":[{"displayIndex":-1,"tweenEasing":0,"duration":24},{"displayIndex":-1,"tweenEasing":0,"duration":3},{"tweenEasing":0,"duration":3},{"tweenEasing":0,"duration":3},{"displayIndex":-1,"tweenEasing":0,"duration":15},{"displayIndex":-1,"tweenEasing":null,"duration":0}],"name":"Layer108"},{"frame":[{"displayIndex":-1,"tweenEasing":0,"duration":9},{"displayIndex":-1,"tweenEasing":0,"duration":3},{"tweenEasing":0,"duration":12},{"tweenEasing":0,"duration":3},{"displayIndex":-1,"tweenEasing":0,"duration":21},{"displayIndex":-1,"tweenEasing":null,"duration":0}],"name":"Layer107"},{"frame":[{"displayIndex":-1,"tweenEasing":0,"duration":3},{"displayIndex":-1,"tweenEasing":0,"duration":3},{"tweenEasing":0,"duration":3},{"tweenEasing":0,"duration":3},{"displayIndex":-1,"tweenEasing":0,"duration":36},{"displayIndex":-1,"tweenEasing":null,"duration":0}],"name":"Layer106"},{"frame":[{"tweenEasing":0,"duration":3},{"tweenEasing":0,"duration":3},{"displayIndex":-1,"tweenEasing":0,"duration":42},{"displayIndex":-1,"tweenEasing":null,"duration":0}],"name":"Layer105"},{"frame":[{"displayIndex":-1,"tweenEasing":0,"duration":42},{"displayIndex":-1,"tweenEasing":0,"duration":3},{"tweenEasing":0,"duration":3},{"tweenEasing":null,"duration":0}],"name":"Layer89"},{"frame":[{"displayIndex":-1,"tweenEasing":0,"duration":36},{"displayIndex":-1,"tweenEasing":0,"duration":3},{"tweenEasing":0,"duration":3},{"tweenEasing":0,"duration":3},{"displayIndex":-1,"tweenEasing":0,"duration":3},{"displayIndex":-1,"tweenEasing":null,"duration":0}],"name":"Layer88"},{"frame":[{"displayIndex":-1,"tweenEasing":0,"duration":30},{"displayIndex":-1,"tweenEasing":0,"duration":3},{"tweenEasing":0,"duration":3},{"tweenEasing":0,"duration":3},{"displayIndex":-1,"tweenEasing":0,"duration":9},{"displayIndex":-1,"tweenEasing":null,"duration":0}],"name":"Layer87"},{"frame":[{"displayIndex":-1,"tweenEasing":0,"duration":24},{"displayIndex":-1,"tweenEasing":0,"duration":3},{"tweenEasing":0,"duration":3},{"tweenEasing":0,"duration":3},{"displayIndex":-1,"tweenEasing":0,"duration":15},{"displayIndex":-1,"tweenEasing":null,"duration":0}],"name":"Layer86"},{"frame":[{"displayIndex":-1,"tweenEasing":0,"duration":9},{"displayIndex":-1,"tweenEasing":0,"duration":3},{"tweenEasing":0,"duration":12},{"tweenEasing":0,"duration":3},{"displayIndex":-1,"tweenEasing":0,"duration":21},{"displayIndex":-1,"tweenEasing":null,"duration":0}],"name":"Layer85"},{"frame":[{"displayIndex":-1,"tweenEasing":0,"duration":3},{"displayIndex":-1,"tweenEasing":0,"duration":3},{"tweenEasing":0,"duration":3},{"tweenEasing":0,"duration":3},{"displayIndex":-1,"tweenEasing":0,"duration":36},{"displayIndex":-1,"tweenEasing":null,"duration":0}],"name":"Layer84"},{"frame":[{"tweenEasing":0,"duration":3},{"tweenEasing":0,"duration":3},{"displayIndex":-1,"tweenEasing":0,"duration":42},{"displayIndex":-1,"tweenEasing":null,"duration":0}],"name":"Layer83"},{"frame":[{"displayIndex":-1,"tweenEasing":0,"duration":42},{"displayIndex":-1,"tweenEasing":0,"duration":3},{"tweenEasing":0,"duration":3},{"tweenEasing":null,"duration":0}],"name":"Layer75"},{"frame":[{"displayIndex":-1,"tweenEasing":0,"duration":36},{"displayIndex":-1,"tweenEasing":0,"duration":3},{"tweenEasing":0,"duration":3},{"tweenEasing":0,"duration":3},{"displayIndex":-1,"tweenEasing":0,"duration":3},{"displayIndex":-1,"tweenEasing":null,"duration":0}],"name":"Layer74"},{"frame":[{"displayIndex":-1,"tweenEasing":0,"duration":30},{"displayIndex":-1,"tweenEasing":0,"duration":3},{"tweenEasing":0,"duration":3},{"tweenEasing":0,"duration":3},{"displayIndex":-1,"tweenEasing":0,"duration":9},{"displayIndex":-1,"tweenEasing":null,"duration":0}],"name":"Layer73"},{"frame":[{"displayIndex":-1,"tweenEasing":0,"duration":24},{"displayIndex":-1,"tweenEasing":0,"duration":3},{"tweenEasing":0,"duration":3},{"tweenEasing":0,"duration":3},{"displayIndex":-1,"tweenEasing":0,"duration":15},{"displayIndex":-1,"tweenEasing":null,"duration":0}],"name":"Layer72"},{"frame":[{"displayIndex":-1,"tweenEasing":0,"duration":9},{"displayIndex":-1,"tweenEasing":0,"duration":3},{"tweenEasing":0,"duration":12},{"tweenEasing":0,"duration":3},{"displayIndex":-1,"tweenEasing":0,"duration":21},{"displayIndex":-1,"tweenEasing":null,"duration":0}],"name":"Layer71"},{"frame":[{"displayIndex":-1,"tweenEasing":0,"duration":3},{"displayIndex":-1,"tweenEasing":0,"duration":3},{"tweenEasing":0,"duration":3},{"tweenEasing":0,"duration":3},{"displayIndex":-1,"tweenEasing":0,"duration":36},{"displayIndex":-1,"tweenEasing":null,"duration":0}],"name":"Layer70"},{"frame":[{"tweenEasing":0,"duration":3},{"tweenEasing":0,"duration":3},{"displayIndex":-1,"tweenEasing":0,"duration":42},{"displayIndex":-1,"tweenEasing":null,"duration":0}],"name":"Layer69"},{"frame":[{"displayIndex":-1,"tweenEasing":0,"duration":42},{"displayIndex":-1,"tweenEasing":0,"duration":3},{"tweenEasing":0,"duration":3},{"tweenEasing":null,"duration":0}],"name":"Layer15"},{"frame":[{"displayIndex":-1,"tweenEasing":0,"duration":36},{"displayIndex":-1,"tweenEasing":0,"duration":3},{"tweenEasing":0,"duration":3},{"tweenEasing":0,"duration":3},{"displayIndex":-1,"tweenEasing":0,"duration":3},{"displayIndex":-1,"tweenEasing":null,"duration":0}],"name":"Layer13"},{"frame":[{"displayIndex":-1,"tweenEasing":0,"duration":30},{"displayIndex":-1,"tweenEasing":0,"duration":3},{"tweenEasing":0,"duration":3},{"tweenEasing":0,"duration":3},{"displayIndex":-1,"tweenEasing":0,"duration":9},{"displayIndex":-1,"tweenEasing":null,"duration":0}],"name":"Layer12"},{"frame":[{"displayIndex":-1,"tweenEasing":0,"duration":24},{"displayIndex":-1,"tweenEasing":0,"duration":3},{"tweenEasing":0,"duration":3},{"tweenEasing":0,"duration":3},{"displayIndex":-1,"tweenEasing":0,"duration":15},{"displayIndex":-1,"tweenEasing":null,"duration":0}],"name":"Layer11"},{"frame":[{"displayIndex":-1,"tweenEasing":0,"duration":9},{"displayIndex":-1,"tweenEasing":0,"duration":3},{"tweenEasing":0,"duration":12},{"tweenEasing":0,"duration":3},{"displayIndex":-1,"tweenEasing":0,"duration":21},{"displayIndex":-1,"tweenEasing":null,"duration":0}],"name":"Layer10"},{"frame":[{"displayIndex":-1,"tweenEasing":0,"duration":3},{"displayIndex":-1,"tweenEasing":0,"duration":3},{"tweenEasing":0,"duration":3},{"tweenEasing":0,"duration":3},{"displayIndex":-1,"tweenEasing":0,"duration":36},{"displayIndex":-1,"tweenEasing":null,"duration":0}],"name":"Layer9"},{"frame":[{"tweenEasing":0,"duration":3},{"tweenEasing":0,"duration":3},{"displayIndex":-1,"tweenEasing":0,"duration":42},{"displayIndex":-1,"tweenEasing":null,"duration":0}],"name":"Layer8"},{"frame":[{"tweenEasing":0,"duration":3},{"tweenEasing":0,"duration":3},{"tweenEasing":0,"duration":3},{"tweenEasing":0,"duration":27},{"tweenEasing":0,"duration":12},{"tweenEasing":null,"duration":0,"color":{"aM":0}}],"name":"Layer124"},{"frame":[{"tweenEasing":0,"duration":3},{"tweenEasing":0,"duration":3},{"tweenEasing":0,"duration":3},{"tweenEasing":0,"duration":27},{"tweenEasing":0,"duration":12},{"tweenEasing":null,"duration":0,"color":{"aM":0}}],"name":"Layer125"},{"frame":[{"tweenEasing":0,"duration":3},{"tweenEasing":0,"duration":3},{"tweenEasing":0,"duration":3},{"tweenEasing":0,"duration":27},{"tweenEasing":0,"duration":12},{"tweenEasing":null,"duration":0,"color":{"aM":0}}],"name":"Layer126"},{"frame":[{"tweenEasing":0,"duration":3},{"tweenEasing":0,"duration":3},{"tweenEasing":0,"duration":3},{"tweenEasing":0,"duration":27},{"tweenEasing":0,"duration":12},{"tweenEasing":null,"duration":0,"color":{"aM":0}}],"name":"Layer127"}],"bone":[{"frame":[{"tweenEasing":0,"transform":{},"duration":42},{"tweenEasing":0,"transform":{},"duration":3},{"tweenEasing":0,"transform":{"y":-36.47982,"x":-350.2281},"duration":3},{"transform":{"y":-36.47982,"x":-350.2281},"duration":0}],"name":"Layer111"},{"frame":[{"tweenEasing":0,"transform":{},"duration":36},{"tweenEasing":0,"transform":{},"duration":3},{"tweenEasing":0,"transform":{"y":36.2526,"x":-367.82502},"duration":3},{"tweenEasing":0,"transform":{"y":36.2526,"x":-367.82502},"duration":3},{"tweenEasing":0,"transform":{"y":36.2526,"x":-367.82502},"duration":3},{"transform":{"y":36.2526,"x":-367.82502},"duration":0}],"name":"Layer110"},{"frame":[{"tweenEasing":0,"transform":{},"duration":30},{"tweenEasing":0,"transform":{},"duration":3},{"tweenEasing":0,"transform":{"y":125.7336,"x":-372.36894},"duration":3},{"tweenEasing":0,"transform":{"y":125.7336,"x":-372.36894},"duration":3},{"tweenEasing":0,"transform":{"y":125.7336,"x":-372.36894},"duration":9},{"transform":{"y":125.7336,"x":-372.36894},"duration":0}],"name":"Layer109"},{"frame":[{"tweenEasing":0,"transform":{},"duration":24},{"tweenEasing":0,"transform":{},"duration":3},{"tweenEasing":0,"transform":{"y":-88.5,"x":-277.5},"duration":3},{"tweenEasing":0,"transform":{"y":-88.5,"x":-277.5},"duration":3},{"tweenEasing":0,"transform":{"y":-88.5,"x":-277.5},"duration":15},{"transform":{"y":-88.5,"x":-277.5},"duration":0}],"name":"Layer108"},{"frame":[{"tweenEasing":0,"transform":{},"duration":9},{"tweenEasing":0,"transform":{},"duration":3},{"tweenEasing":0,"transform":{"y":-13.20816,"x":-279.82548},"duration":12},{"tweenEasing":0,"transform":{"y":-13.20816,"x":-279.82548},"duration":3},{"tweenEasing":0,"transform":{"y":-13.20816,"x":-279.82548},"duration":21},{"transform":{"y":-13.20816,"x":-279.82548},"duration":0}],"name":"Layer107"},{"frame":[{"tweenEasing":0,"transform":{},"duration":3},{"tweenEasing":0,"transform":{},"duration":3},{"tweenEasing":0,"transform":{"y":63.4518,"x":-278.87489999999997},"duration":3},{"tweenEasing":0,"transform":{"y":63.4518,"x":-278.87489999999997},"duration":3},{"tweenEasing":0,"transform":{"y":64.37483999999999,"x":-283.7487},"duration":36},{"transform":{"y":64.37483999999999,"x":-283.7487},"duration":0}],"name":"Layer106"},{"frame":[{"tweenEasing":0,"transform":{"y":175.05768,"x":-293.2266},"duration":3},{"tweenEasing":0,"transform":{"y":175.05768,"x":-293.2266},"duration":3},{"tweenEasing":0,"transform":{"y":175.05768,"x":-294.66659999999996},"duration":42},{"transform":{"y":175.05768,"x":-294.66659999999996},"duration":0}],"name":"Layer105"},{"frame":[{"tweenEasing":0,"transform":{},"duration":42},{"tweenEasing":0,"transform":{},"duration":3},{"tweenEasing":0,"transform":{"y":157.78086,"x":-204.98538},"duration":3},{"transform":{"y":157.78086,"x":-204.98538},"duration":0}],"name":"Layer89"},{"frame":[{"tweenEasing":0,"transform":{},"duration":36},{"tweenEasing":0,"transform":{},"duration":3},{"tweenEasing":0,"transform":{"y":156.99149999999997,"x":-146.54772},"duration":3},{"tweenEasing":0,"transform":{"y":156.99149999999997,"x":-146.54772},"duration":3},{"tweenEasing":0,"transform":{"y":156.99149999999997,"x":-146.54772},"duration":3},{"transform":{"y":156.99149999999997,"x":-146.54772},"duration":0}],"name":"Layer88"},{"frame":[{"tweenEasing":0,"transform":{},"duration":30},{"tweenEasing":0,"transform":{},"duration":3},{"tweenEasing":0,"transform":{"y":155.83056,"x":-79.77407999999998},"duration":3},{"tweenEasing":0,"transform":{"y":155.83056,"x":-79.77407999999998},"duration":3},{"tweenEasing":0,"transform":{"y":155.83056,"x":-79.77407999999998},"duration":9},{"transform":{"y":155.83056,"x":-79.77407999999998},"duration":0}],"name":"Layer87"},{"frame":[{"tweenEasing":0,"transform":{},"duration":24},{"tweenEasing":0,"transform":{},"duration":3},{"tweenEasing":0,"transform":{"y":158.32584,"x":-1.971},"duration":3},{"tweenEasing":0,"transform":{"y":158.32584,"x":-1.971},"duration":3},{"tweenEasing":0,"transform":{"y":158.32584,"x":-1.971},"duration":15},{"transform":{"y":158.32584,"x":-1.971},"duration":0}],"name":"Layer86"},{"frame":[{"tweenEasing":0,"transform":{},"duration":9},{"tweenEasing":0,"transform":{},"duration":3},{"tweenEasing":0,"transform":{"y":156.51402,"x":79.31424},"duration":12},{"tweenEasing":0,"transform":{"y":156.51402,"x":79.31424},"duration":3},{"tweenEasing":0,"transform":{"y":156.51402,"x":79.31424},"duration":21},{"transform":{"y":156.51402,"x":79.31424},"duration":0}],"name":"Layer85"},{"frame":[{"tweenEasing":0,"transform":{},"duration":3},{"tweenEasing":0,"transform":{},"duration":3},{"tweenEasing":0,"transform":{"y":150.34668,"x":156.79992},"duration":3},{"tweenEasing":0,"transform":{"y":150.34668,"x":156.79992},"duration":3},{"tweenEasing":0,"transform":{"y":150.34668,"x":156.79992},"duration":36},{"transform":{"y":150.34668,"x":156.79992},"duration":0}],"name":"Layer84"},{"frame":[{"tweenEasing":0,"transform":{"y":157.69374,"x":231.47573999999997},"duration":3},{"tweenEasing":0,"transform":{"y":157.69374,"x":231.47573999999997},"duration":3},{"tweenEasing":0,"transform":{"y":157.69374,"x":231.47573999999997},"duration":42},{"transform":{"y":157.69374,"x":231.47573999999997},"duration":0}],"name":"Layer83"},{"frame":[{"tweenEasing":0,"transform":{},"duration":42},{"tweenEasing":0,"transform":{},"duration":3},{"tweenEasing":0,"transform":{"y":-84.02664,"x":-299.11998},"duration":3},{"transform":{"y":-84.02664,"x":-299.11998},"duration":0}],"name":"Layer75"},{"frame":[{"tweenEasing":0,"transform":{},"duration":36},{"tweenEasing":0,"transform":{},"duration":3},{"tweenEasing":0,"transform":{"y":-108.06857999999998,"x":-226.5051},"duration":3},{"tweenEasing":0,"transform":{"y":-108.06857999999998,"x":-226.5051},"duration":3},{"tweenEasing":0,"transform":{"y":-108.06857999999998,"x":-226.5051},"duration":3},{"transform":{"y":-108.06857999999998,"x":-226.5051},"duration":0}],"name":"Layer74"},{"frame":[{"tweenEasing":0,"transform":{},"duration":30},{"tweenEasing":0,"transform":{},"duration":3},{"tweenEasing":0,"transform":{"y":-105.46902,"x":-158.4},"duration":3},{"tweenEasing":0,"transform":{"y":-105.46902,"x":-158.4},"duration":3},{"tweenEasing":0,"transform":{"y":-105.46902,"x":-158.4},"duration":9},{"transform":{"y":-105.46902,"x":-158.4},"duration":0}],"name":"Layer73"},{"frame":[{"tweenEasing":0,"transform":{},"duration":24},{"tweenEasing":0,"transform":{},"duration":3},{"tweenEasing":0,"transform":{"y":-107.06183999999999,"x":-92.36364},"duration":3},{"tweenEasing":0,"transform":{"y":-107.06183999999999,"x":-92.36364},"duration":3},{"tweenEasing":0,"transform":{"y":-107.06183999999999,"x":-92.36364},"duration":15},{"transform":{"y":-107.06183999999999,"x":-92.36364},"duration":0}],"name":"Layer72"},{"frame":[{"tweenEasing":0,"transform":{},"duration":9},{"tweenEasing":0,"transform":{},"duration":3},{"tweenEasing":0,"transform":{"y":-106.88496,"x":-21.61488},"duration":12},{"tweenEasing":0,"transform":{"y":-106.88496,"x":-21.61488},"duration":3},{"tweenEasing":0,"transform":{"y":-106.88496,"x":-21.61488},"duration":21},{"transform":{"y":-106.88496,"x":-21.61488},"duration":0}],"name":"Layer71"},{"frame":[{"tweenEasing":0,"transform":{},"duration":3},{"tweenEasing":0,"transform":{},"duration":3},{"tweenEasing":0,"transform":{"y":-102.82686,"x":50.87082},"duration":3},{"tweenEasing":0,"transform":{"y":-102.82686,"x":50.87082},"duration":3},{"tweenEasing":0,"transform":{"y":-102.82686,"x":50.87082},"duration":36},{"transform":{"y":-102.82686,"x":50.87082},"duration":0}],"name":"Layer70"},{"frame":[{"tweenEasing":0,"transform":{"y":-96.55991999999999,"x":119.19995999999999},"duration":3},{"tweenEasing":0,"transform":{"y":-96.55991999999999,"x":119.19995999999999},"duration":3},{"tweenEasing":0,"transform":{"y":-96.55991999999999,"x":119.19995999999999},"duration":42},{"transform":{"y":-96.55991999999999,"x":119.19995999999999},"duration":0}],"name":"Layer69"},{"frame":[{"tweenEasing":0,"transform":{},"duration":42},{"tweenEasing":0,"transform":{},"duration":3},{"tweenEasing":0,"transform":{"y":74.39999999999999,"x":-280.29696},"duration":3},{"transform":{"y":74.39999999999999,"x":-280.29696},"duration":0}],"name":"Layer15"},{"frame":[{"tweenEasing":0,"transform":{},"duration":36},{"tweenEasing":0,"transform":{},"duration":3},{"tweenEasing":0,"transform":{"y":71.38278,"x":-231.97716},"duration":3},{"tweenEasing":0,"transform":{"y":71.38278,"x":-231.97716},"duration":3},{"tweenEasing":0,"transform":{"y":71.38278,"x":-231.97716},"duration":3},{"transform":{"y":71.38278,"x":-231.97716},"duration":0}],"name":"Layer13"},{"frame":[{"tweenEasing":0,"transform":{},"duration":30},{"tweenEasing":0,"transform":{},"duration":3},{"tweenEasing":0,"transform":{"y":77.48562,"x":-166.28574},"duration":3},{"tweenEasing":0,"transform":{"y":77.48562,"x":-166.28574},"duration":3},{"tweenEasing":0,"transform":{"y":77.48562,"x":-166.28574},"duration":9},{"transform":{"y":77.48562,"x":-166.28574},"duration":0}],"name":"Layer12"},{"frame":[{"tweenEasing":0,"transform":{},"duration":24},{"tweenEasing":0,"transform":{},"duration":3},{"tweenEasing":0,"transform":{"y":76.11413999999999,"x":-88.79993999999999},"duration":3},{"tweenEasing":0,"transform":{"y":76.11413999999999,"x":-88.79993999999999},"duration":3},{"tweenEasing":0,"transform":{"y":76.11413999999999,"x":-88.79993999999999},"duration":15},{"transform":{"y":76.11413999999999,"x":-88.79993999999999},"duration":0}],"name":"Layer11"},{"frame":[{"tweenEasing":0,"transform":{},"duration":9},{"tweenEasing":0,"transform":{},"duration":3},{"tweenEasing":0,"transform":{"y":83.3142,"x":-21.53142},"duration":12},{"tweenEasing":0,"transform":{"y":83.3142,"x":-21.53142},"duration":3},{"tweenEasing":0,"transform":{"y":83.3142,"scX":1.1,"scY":1.1,"x":-21.53142},"duration":21},{"transform":{"y":83.3142,"scX":1.1,"scY":1.1,"x":-21.53142},"duration":0}],"name":"Layer10"},{"frame":[{"tweenEasing":0,"transform":{},"duration":3},{"tweenEasing":0,"transform":{},"duration":3},{"tweenEasing":0,"transform":{"y":73.02852,"x":49.02858},"duration":3},{"tweenEasing":0,"transform":{"y":73.02852,"x":49.02858},"duration":3},{"tweenEasing":0,"transform":{"y":73.02852,"x":49.02858},"duration":36},{"transform":{"y":73.02852,"x":49.02858},"duration":0}],"name":"Layer9"},{"frame":[{"tweenEasing":0,"transform":{},"duration":3},{"tweenEasing":0,"transform":{},"duration":3},{"tweenEasing":0,"transform":{},"duration":42},{"transform":{},"duration":0}],"name":"Layer8"},{"frame":[{"tweenEasing":0,"transform":{"y":258.44574,"scX":0.7,"scY":0.7,"x":100.04567999999999},"duration":3},{"tweenEasing":0,"transform":{"y":258.44574,"scX":0.7,"scY":0.7,"x":100.04567999999999},"duration":3},{"tweenEasing":0,"transform":{"y":256.52574,"x":100.04567999999999},"duration":3},{"tweenEasing":0,"transform":{"y":256.52574,"x":100.04567999999999},"duration":27},{"tweenEasing":0,"transform":{"y":256.52574,"x":100.04567999999999},"duration":12},{"transform":{"y":256.52574,"x":100.04567999999999},"duration":0}],"name":"Layer124"},{"frame":[{"tweenEasing":0,"transform":{"y":260.80008,"scX":0.7,"scY":0.7,"x":43.858799999999995},"duration":3},{"tweenEasing":0,"transform":{"y":260.80008,"scX":0.7,"scY":0.7,"x":43.858799999999995},"duration":3},{"tweenEasing":0,"transform":{"y":260.80008,"x":43.858799999999995},"duration":3},{"tweenEasing":0,"transform":{"y":260.80008,"x":43.858799999999995},"duration":27},{"tweenEasing":0,"transform":{"y":260.80008,"x":43.858799999999995},"duration":12},{"transform":{"y":260.80008,"x":43.858799999999995},"duration":0}],"name":"Layer125"},{"frame":[{"tweenEasing":0,"transform":{"y":258.71999999999997,"scX":0.7,"scY":0.7,"x":-8.4},"duration":3},{"tweenEasing":0,"transform":{"y":258.71999999999997,"scX":0.7,"scY":0.7,"x":-8.4},"duration":3},{"tweenEasing":0,"transform":{"y":258.71999999999997,"x":-8.4},"duration":3},{"tweenEasing":0,"transform":{"y":258.71999999999997,"x":-8.4},"duration":27},{"tweenEasing":0,"transform":{"y":258.71999999999997,"x":-8.4},"duration":12},{"transform":{"y":258.71999999999997,"x":-8.4},"duration":0}],"name":"Layer126"},{"frame":[{"tweenEasing":0,"transform":{"y":251.92001999999997,"scX":0.7,"scY":0.7,"x":-57.84},"duration":3},{"tweenEasing":0,"transform":{"y":251.92001999999997,"scX":0.7,"scY":0.7,"x":-57.84},"duration":3},{"tweenEasing":0,"transform":{"y":251.20002,"x":-50.64},"duration":3},{"tweenEasing":0,"transform":{"y":251.20002,"x":-50.64},"duration":27},{"tweenEasing":0,"transform":{"y":251.20002,"x":-50.64},"duration":12},{"transform":{"y":251.20002,"x":-50.64},"duration":0}],"name":"Layer127"},{"frame":[{"transform":{},"duration":48}],"name":"root"}],"frame":[],"ik":[],"ffd":[],"name":"Animation1","duration":48}],"defaultActions":[{"gotoAndPlay":"Animation1"}],"skin":[{"slot":[{"display":[{"path":"evesk01-2","type":"image","name":"evesk01-2","transform":{"y":-29.236379999999997,"x":1.2155999999999998}}],"name":"Layer106"},{"display":[{"path":"evesk01-1","type":"image","name":"evesk01-1","transform":{"y":6.47268,"x":0.58182}}],"name":"Layer105"},{"display":[{"path":"evesk01-2","type":"image","name":"evesk01-2","transform":{"y":-20.16,"x":1.92}}],"name":"Layer9"},{"display":[{"path":"evesk01-1","type":"image","name":"evesk01-1","transform":{"y":6.880019999999999,"x":2.7199799999999996}}],"name":"Layer69"},{"display":[{"path":"evesk01-1","type":"image","name":"evesk01-1","transform":{"y":7.35996,"x":2.56002}}],"name":"Layer83"},{"display":[{"path":"evesk01-4","type":"image","name":"evesk01-4","transform":{"y":-26.560019999999998,"x":-1.2799800000000001}}],"name":"Layer86"},{"display":[{"path":"evesk02-1","type":"image","name":"evesk02-1","transform":{"y":1.92,"x":-0.96}}],"name":"Layer125"},{"display":[{"path":"evesk01-4","type":"image","name":"evesk01-4","transform":{"y":-25.893179999999997,"x":0.5117999999999999}}],"name":"Layer108"},{"display":[{"path":"evesk01-4","type":"image","name":"evesk01-4","transform":{"y":-22.56,"x":-1.92}}],"name":"Layer11"},{"display":[{"path":"evesk01-4","type":"image","name":"evesk01-4","transform":{"y":-26.23998,"x":0.32004}}],"name":"Layer72"},{"display":[{"path":"evesk01-7","type":"image","name":"evesk01-7","transform":{"y":-12,"x":-9.11994}}],"name":"Layer89"},{"display":[{"path":"evesk01-1","type":"image","name":"evesk01-1","transform":{"y":9.12,"x":1.92}}],"name":"Layer8"},{"display":[{"path":"evesk01-7","type":"image","name":"evesk01-7","transform":{"y":-14.399999999999999,"x":-2.88}}],"name":"Layer15"},{"display":[{"path":"evesk01-7","type":"image","name":"evesk01-7","transform":{"y":-15.19998}}],"name":"Layer75"},{"display":[{"path":"evesk01-3","type":"image","name":"evesk01-3","transform":{"y":-27.68004,"x":-1.5999599999999998}}],"name":"Layer85"},{"display":[{"path":"evesk02-1","type":"image","name":"evesk02-1","transform":{"y":1.92}}],"name":"Layer126"},{"display":[{"path":"evesk01-3","type":"image","name":"evesk01-3","transform":{"y":-28.11432,"x":1.7043599999999999}}],"name":"Layer107"},{"display":[{"path":"evesk01-3","type":"image","name":"evesk01-3","transform":{"y":-28.96002,"x":2.88}}],"name":"Layer71"},{"display":[{"path":"evesk01-6","type":"image","name":"evesk01-6","transform":{"y":-25.12002,"x":-1.27992}}],"name":"Layer88"},{"display":[{"path":"evesk01-7","type":"image","name":"evesk01-7","transform":{"y":-15.195059999999998,"x":2.0571599999999997}}],"name":"Layer111"},{"display":[{"path":"evesk01-6","type":"image","name":"evesk01-6","transform":{"y":-25.257119999999997,"x":2.0571}}],"name":"Layer110"},{"display":[{"path":"evesk01-6","type":"image","name":"evesk01-6","transform":{"y":-20.16}}],"name":"Layer13"},{"display":[{"path":"evesk01-6","type":"image","name":"evesk01-6","transform":{"y":-20.32002,"x":1.9200599999999999}}],"name":"Layer74"},{"display":[{"path":"evesk01-2","type":"image","name":"evesk01-2","transform":{"y":-29.440019999999997,"x":2.72004}}],"name":"Layer84"},{"display":[{"path":"evesk02-1","type":"image","name":"evesk02-1","transform":{"y":-0.24,"x":-0.24}}],"name":"Layer127"},{"display":[{"path":"evesk02-1","type":"image","name":"evesk02-1","transform":{"y":3.5999999999999996,"x":0.12}}],"name":"Layer124"},{"display":[{"path":"evesk01-3","type":"image","name":"evesk01-3","transform":{"y":-27.84,"x":0.48}}],"name":"Layer10"},{"display":[{"path":"evesk01-2","type":"image","name":"evesk01-2","transform":{"y":-30.880020000000002,"x":0.48}}],"name":"Layer70"},{"display":[{"path":"evesk01-5","type":"image","name":"evesk01-5","transform":{"y":-24,"x":-3.67998}}],"name":"Layer87"},{"display":[{"path":"evesk01-5","type":"image","name":"evesk01-5","transform":{"y":-24.556559999999998,"x":0.16889999999999997}}],"name":"Layer109"},{"display":[{"path":"evesk01-5","type":"image","name":"evesk01-5","transform":{"y":-21.599999999999998,"x":-0.48}}],"name":"Layer12"},{"display":[{"path":"evesk01-5","type":"image","name":"evesk01-5","transform":{"y":-25.439999999999998,"x":-0.63996}}],"name":"Layer73"}],"name":""}],"name":"armatureName","ik":[]}]}