{"SubTexture":[{"width":110,"y":68,"height":37,"name":"evesk02-1","x":130},{"y":1,"frameX":0,"frameHeight":66,"frameY":0,"width":49,"frameWidth":49,"height":65,"name":"evesk01-1","x":134},{"width":58,"y":80,"height":81,"name":"evesk01-2","x":1},{"width":62,"y":1,"height":77,"name":"evesk01-3","x":1},{"width":64,"y":163,"height":71,"name":"evesk01-4","x":1},{"width":67,"y":80,"height":67,"name":"evesk01-5","x":61},{"width":67,"y":1,"height":65,"name":"evesk01-6","x":65},{"width":44,"y":1,"height":43,"name":"evesk01-7","x":185}],"width":256,"height":256,"name":"10006","imagePath":"10006_tex.png"}