{"width":512,"SubTexture":[{"width":135,"y":273,"height":125,"name":"ashe-4-1","x":138},{"width":150,"y":1,"height":133,"name":"ashe-4-2","x":143},{"width":150,"y":505,"height":102,"name":"ashe-4-3","x":153},{"width":150,"y":505,"height":103,"name":"ashe-4-4","x":1},{"width":150,"y":142,"height":119,"name":"ashe-4-5","x":283},{"width":150,"y":263,"height":117,"name":"ashe-4-6","x":283},{"width":150,"y":505,"height":102,"name":"ashe-4-7","x":305},{"width":150,"y":711,"height":99,"name":"ashe-4-8","x":1},{"width":150,"y":610,"height":99,"name":"ashe-4-9","x":1},{"width":150,"y":609,"height":101,"name":"ashe-4-10","x":153},{"width":150,"y":400,"height":103,"name":"ashe-4-11","x":1},{"width":150,"y":609,"height":88,"name":"ashe-4-12","x":305},{"width":130,"y":699,"height":98,"name":"ashe-3-1","x":305},{"width":135,"y":292,"height":106,"name":"ashe-3-2","x":1},{"width":137,"y":382,"height":121,"name":"ashe-3-3","x":275},{"width":138,"y":136,"height":135,"name":"ashe-3-4","x":143},{"width":140,"y":1,"height":149,"name":"ashe-3-5","x":1},{"width":137,"y":1,"height":139,"name":"ashe-3-6","x":295},{"width":135,"y":152,"height":138,"name":"ashe-3-7","x":1}],"height":1024,"name":"10003","imagePath":"10003_tex.png"}