{"width":512,"height":512,"name":"20004","imagePath":"20004_tex.png","SubTexture":[{"width":388,"y":1,"height":91,"name":"010-2-7","x":1},{"width":97,"y":193,"height":80,"name":"010-2-8","x":88},{"width":23,"y":421,"height":35,"name":"010_youshangbi","x":96},{"width":24,"y":450,"height":18,"name":"010_youqianbi","x":64},{"width":46,"y":351,"height":65,"name":"010_youshou","x":197},{"width":20,"y":374,"height":22,"name":"010_youxiaotui","x":121},{"width":22,"y":329,"height":22,"name":"010_youtui","x":328},{"width":20,"y":222,"height":7,"name":"010_youjiao","x":413},{"width":20,"y":398,"height":7,"name":"010_zuojiao","x":121},{"width":22,"y":199,"height":21,"name":"010_zuoxiaotui","x":413},{"width":11,"y":381,"height":27,"name":"010_zuotui","x":37},{"width":6,"y":450,"height":5,"name":"010_yaobu","x":56},{"width":26,"y":292,"height":35,"name":"010_yaobu1","x":328},{"width":34,"y":381,"height":37,"name":"010_qugan","x":1},{"width":82,"y":274,"height":75,"name":"010_tou","x":187},{"width":38,"y":421,"height":27,"name":"010_zuoshangbi","x":56},{"width":55,"y":292,"height":59,"name":"010_zuoxiabi","x":271},{"width":28,"y":458,"height":10,"name":"010_yanjingxiaoguo","x":90},{"width":53,"y":421,"height":35,"name":"010-2-2","x":1},{"width":57,"y":353,"height":56,"name":"010_toubiaoqing","x":271},{"width":55,"y":167,"height":64,"name":"010-2-1","x":442},{"width":96,"y":94,"height":88,"name":"010-1-1","x":1},{"width":55,"y":275,"height":97,"name":"010-1-2","x":88},{"width":52,"y":283,"height":96,"name":"010-1-3","x":1},{"width":97,"y":1,"height":97,"name":"010-2-3","x":391},{"width":97,"y":193,"height":79,"name":"010-2-4","x":187},{"width":71,"y":193,"height":97,"name":"010-2-5","x":286},{"width":81,"y":100,"height":97,"name":"010-2-6","x":359},{"width":84,"y":94,"height":97,"name":"010-3-1","x":188},{"width":85,"y":184,"height":97,"name":"010-3-2","x":1},{"width":83,"y":94,"height":97,"name":"010-3-3","x":274},{"width":87,"y":94,"height":97,"name":"010-3-4","x":99},{"width":58,"y":416,"height":44,"name":"010-4-1","x":121},{"width":61,"y":462,"height":40,"name":"010-4-2","x":1},{"width":64,"y":374,"height":45,"name":"010-4-3","x":55},{"width":52,"y":233,"height":64,"name":"010-4-4","x":413},{"width":56,"y":100,"height":65,"name":"010-4-5","x":442},{"width":52,"y":199,"height":66,"name":"010-4-6","x":359},{"width":52,"y":267,"height":63,"name":"010-4-7","x":359},{"width":50,"y":351,"height":63,"name":"010-4-8","x":145}]}