{"width":2048,"SubTexture":[{"width":151,"y":1948,"height":90,"name":"basaladun-5-1","x":710},{"width":151,"y":198,"height":90,"name":"basaladun-5-2","x":1121},{"width":146,"y":371,"height":84,"name":"basaladun-5-3","x":1474},{"width":138,"y":284,"height":81,"name":"basaladun-5-4","x":1475},{"width":146,"y":284,"height":85,"name":"basaladun-5-5","x":1327},{"width":151,"y":301,"height":89,"name":"basaladun-5-6","x":1772},{"width":150,"y":416,"height":86,"name":"basaladun-5-7","x":1322},{"y":1,"frameWidth":225,"x":1633,"frameHeight":153,"width":224,"frameY":0,"height":152,"name":"basaladun-4-1","frameX":0},{"width":225,"y":1228,"height":145,"name":"basaladun-4-2","x":1181},{"width":216,"y":1375,"height":144,"name":"basaladun-4-3","x":1181},{"width":216,"y":155,"height":144,"name":"basaladun-4-4","x":1774},{"width":219,"y":1,"height":153,"name":"basaladun-4-5","x":1335},{"width":225,"y":1644,"height":119,"name":"basaladun-4-6","x":1098},{"width":139,"y":1644,"height":104,"name":"basaladun-8-1","x":1325},{"width":137,"y":284,"height":140,"name":"basaladun-8-2","x":1633},{"width":138,"y":1228,"height":144,"name":"basaladun-8-3","x":1408},{"width":138,"y":1375,"height":153,"name":"basaladun-8-4","x":1399},{"width":137,"y":1793,"height":153,"name":"basaladun-8-5","x":710},{"width":138,"y":1,"height":142,"name":"basaladun-8-6","x":1859},{"width":138,"y":426,"height":129,"name":"basaladun-8-7","x":1633},{"width":229,"y":1181,"height":389,"name":"basaladun-2-1","x":498},{"width":248,"y":1203,"height":400,"name":"basaladun-2-2","x":1},{"width":243,"y":1203,"height":403,"name":"basaladun-2-3","x":253},{"width":243,"y":1608,"height":403,"name":"basaladun-2-4","x":253},{"width":238,"y":783,"height":396,"name":"basaladun-2-5","x":630},{"width":243,"y":385,"height":396,"name":"basaladun-2-6","x":630},{"width":247,"y":419,"height":395,"name":"basaladun-2-7","x":381},{"width":250,"y":1605,"height":395,"name":"basaladun-2-8","x":1},{"width":253,"y":1,"height":382,"name":"basaladun-2-9","x":414},{"y":816,"frameWidth":235,"x":262,"frameHeight":383,"width":233,"frameY":0,"height":383,"name":"basaladun-2-10","frameX":0},{"width":259,"y":813,"height":388,"name":"basaladun-2-11","x":1},{"width":378,"y":419,"height":392,"name":"basaladun-2-12","x":1},{"width":411,"y":1,"height":416,"name":"basaladun-2-13","x":1},{"width":205,"y":1572,"height":223,"name":"basaladun-7-1","x":498},{"width":212,"y":1,"height":223,"name":"basaladun-7-2","x":669},{"width":193,"y":1793,"height":225,"name":"basaladun-7-3","x":875},{"width":200,"y":1572,"height":219,"name":"basaladun-7-4","x":705},{"width":189,"y":1555,"height":214,"name":"basaladun-7-5","x":907},{"width":210,"y":1797,"height":216,"name":"basaladun-7-6","x":498},{"width":450,"y":198,"height":84,"name":"basaladun-11-1","x":1322},{"width":450,"y":328,"height":86,"name":"basaladun-11-2","x":875},{"width":450,"y":1952,"height":87,"name":"basaladun-11-3","x":1522},{"width":450,"y":1862,"height":88,"name":"basaladun-11-4","x":1098},{"width":450,"y":226,"height":100,"name":"basaladun-11-5","x":669},{"width":450,"y":1371,"height":90,"name":"basaladun-11-6","x":729},{"width":450,"y":1181,"height":93,"name":"basaladun-11-7","x":729},{"width":450,"y":1733,"height":87,"name":"basaladun-11-8","x":1522},{"width":450,"y":1050,"height":87,"name":"basaladun-11-9","x":870},{"width":450,"y":1228,"height":87,"name":"basaladun-11-10","x":1550},{"width":450,"y":961,"height":87,"name":"basaladun-11-11","x":870},{"width":450,"y":1555,"height":87,"name":"basaladun-11-12","x":1098},{"width":450,"y":872,"height":87,"name":"basaladun-11-13","x":870},{"width":450,"y":103,"height":93,"name":"basaladun-11-14","x":883},{"width":450,"y":783,"height":87,"name":"basaladun-11-15","x":870},{"width":450,"y":1952,"height":88,"name":"basaladun-11-16","x":1070},{"width":450,"y":1644,"height":87,"name":"basaladun-11-17","x":1522},{"width":450,"y":1317,"height":87,"name":"basaladun-11-18","x":1550},{"width":450,"y":1,"height":100,"name":"basaladun-11-19","x":883},{"width":450,"y":1276,"height":93,"name":"basaladun-11-20","x":729},{"width":450,"y":1771,"height":89,"name":"basaladun-11-21","x":1070},{"width":450,"y":1139,"height":87,"name":"basaladun-11-22","x":1181},{"width":450,"y":1463,"height":90,"name":"basaladun-11-23","x":729},{"width":450,"y":1862,"height":88,"name":"basaladun-11-24","x":1550},{"width":450,"y":1406,"height":87,"name":"basaladun-11-25","x":1550},{"width":450,"y":1495,"height":86,"name":"basaladun-11-26","x":1550}],"height":2048,"name":"10002","imagePath":"10002_tex.png"}