{"width":1024,"height":1024,"name":"20005","imagePath":"20005_tex.png","SubTexture":[{"width":36,"y":775,"height":39,"name":"hand_l3","x":103},{"width":717,"y":1,"height":353,"name":"weapon","x":1},{"width":33,"y":796,"height":22,"name":"hand_l2","x":141},{"width":398,"y":356,"height":264,"name":"hair_back","x":1},{"width":39,"y":622,"height":81,"name":"hair_side_l","x":359},{"width":135,"y":622,"height":129,"name":"dressd","x":222},{"width":210,"y":356,"height":366,"name":"dressd1","x":401},{"width":93,"y":840,"height":64,"name":"shoulder_l","x":1},{"width":28,"y":724,"height":65,"name":"arm_l","x":580},{"width":27,"y":753,"height":39,"name":"hand_l1","x":330},{"width":163,"y":366,"height":418,"name":"leg_l","x":613},{"width":166,"y":724,"height":98,"name":"leg_r","x":359},{"width":100,"y":622,"height":216,"name":"leg_r1","x":1},{"width":246,"y":1,"height":363,"name":"body","x":720},{"width":117,"y":622,"height":151,"name":"body2","x":103},{"width":106,"y":753,"height":121,"name":"face","x":222},{"width":51,"y":724,"height":108,"name":"hair_side_r","x":527},{"width":86,"y":824,"height":54,"name":"hair_front","x":330},{"width":19,"y":794,"height":20,"name":"mouth","x":330},{"width":9,"y":705,"height":13,"name":"nose","x":389},{"width":23,"y":876,"height":36,"name":"eye_r","x":300},{"width":28,"y":705,"height":17,"name":"eye_l","x":359},{"width":66,"y":775,"height":19,"name":"eye_close","x":141},{"y":816,"frameX":0,"frameHeight":6,"frameY":0,"width":21,"frameWidth":22,"height":6,"name":"brow_l","x":330},{"width":25,"y":796,"height":9,"name":"brow_r","x":176},{"width":36,"y":876,"height":34,"name":"hand_r","x":262},{"width":113,"y":824,"height":61,"name":"shoulder_r","x":103},{"width":42,"y":876,"height":81,"name":"arm_r","x":218}]}