{"skeleton":{"hash":"3FRXUu5xHnaBs1/2iU9I4mlU0SY","spine":"3.6.52","width":168,"height":144.12,"images":"./images/"},"bones":[{"name":"root"},{"name":"center","parent":"root","x":10.02,"y":55.18},{"name":"body","parent":"center","length":34.26,"rotation":156.48,"x":0.14,"y":-1.68},{"name":"body_2","parent":"body","length":14.99,"rotation":-52.97,"x":41.47,"y":0.47},{"name":"bo zi","parent":"body_2","length":10.4,"rotation":-22.26,"x":14.99},{"name":"bone","parent":"root","x":-20.68,"y":4.47,"color":"ff3f00ff"},{"name":"bone2","parent":"root","x":-4.73,"y":4.96,"color":"ff3f00ff"},{"name":"hou jiao_IK","parent":"center","x":-19.17,"y":-49.41,"color":"ff3f00ff"},{"name":"hou da tui_2","parent":"body","length":18.63,"rotation":155.79,"x":16.9,"y":17.29},{"name":"hou xiao tui_2","parent":"hou da tui_2","length":26.86,"rotation":-65.42,"x":18.63},{"name":"hou jiao_2","parent":"hou xiao tui_2","length":11.66,"rotation":-63.33,"x":27.03,"y":0.07},{"name":"hou zhua_1","parent":"body","length":12.48,"rotation":115.76,"x":40.42,"y":6.49},{"name":"hou zhua_2","parent":"hou zhua_1","length":16.9,"rotation":-73.97,"x":12.48},{"name":"hou zhua_3","parent":"hou zhua_2","length":11.69,"rotation":112.89,"x":17,"y":-0.03},{"name":"qian jiao_IK","parent":"center","x":-0.59,"y":-48.34,"color":"ff3f00ff"},{"name":"qian da tui_1","parent":"body","length":18.08,"rotation":149.26,"x":-0.38,"y":9.15},{"name":"qian xiao tui_1","parent":"qian da tui_1","length":25.16,"rotation":-57.01,"x":18.08},{"name":"qian jiao_1","parent":"qian xiao tui_1","length":14.39,"rotation":-63.02,"x":25.16},{"name":"qian zhua_1","parent":"body","length":12.48,"rotation":131.65,"x":30.35,"y":6.41},{"name":"qian zhua_2","parent":"qian zhua_1","length":16.9,"rotation":-90.03,"x":12.48},{"name":"qian zhua_3","parent":"qian zhua_2","length":11.69,"rotation":112.89,"x":17,"y":-0.03},{"name":"tou","parent":"bo zi","length":53.19,"rotation":110.45,"x":26.77,"y":-0.88},{"name":"wei_1","parent":"body","length":14.64,"rotation":-140.84,"x":-12.24,"y":-10.11},{"name":"wei_2","parent":"wei_1","length":11.48,"rotation":9.03,"x":14.64},{"name":"wei_3","parent":"wei_2","length":12.54,"rotation":-3.59,"x":11.48},{"name":"wei_4","parent":"wei_3","length":14.1,"rotation":-9.55,"x":12.54},{"name":"zui","parent":"tou","length":28.62,"rotation":11.67,"x":12.68,"y":15.22}],"slots":[{"name":"jiao_2","bone":"root","attachment":"jiao_1"},{"name":"da tui_2","bone":"root","attachment":"da tui_1"},{"name":"zhua zi_2","bone":"root","attachment":"zhua zi_1"},{"name":"shang bi_2","bone":"root","attachment":"shang bi_1"},{"name":"body","bone":"root","attachment":"body"},{"name":"da tui_1","bone":"root","attachment":"da tui_1"},{"name":"wei ba","bone":"root","attachment":"wei ba"},{"name":"jiao_1","bone":"root","attachment":"jiao_1"},{"name":"zhua zi_1","bone":"root","attachment":"zhua zi_1"},{"name":"shang bi_1","bone":"root","attachment":"shang bi_1"},{"name":"zui","bone":"root","attachment":"zui"},{"name":"tou","bone":"root","attachment":"tou"}],"ik":[{"name":"hou jiao_IK_1","order":1,"bones":["hou da tui_2","hou xiao tui_2"],"target":"hou jiao_IK","bendPositive":false},{"name":"hou jiao_IK_2","order":2,"bones":["hou jiao_2"],"target":"bone"},{"name":"qian jiao_IK_1","order":0,"bones":["qian da tui_1","qian xiao tui_1"],"target":"qian jiao_IK","bendPositive":false},{"name":"qian jiao_IK_2","order":3,"bones":["qian jiao_1"],"target":"bone2"}],"skins":{"default":{"body":{"body":{"type":"mesh","uvs":[0.216,0.10151,0.2069,0.18123,0.19529,0.25863,0.19434,0.32234,0.19122,0.37617,0.20979,0.40753,0.25239,0.38193,0.31262,0.36679,0.37272,0.37953,0.44415,0.43483,0.50749,0.48445,0.54738,0.50709,0.59598,0.47589,0.63904,0.47261,0.69234,0.51694,0.72641,0.63011,0.70011,0.74849,0.66637,0.79408,0.61519,0.84898,0.51439,0.96097,0.3782,1,0.26732,0.92085,0.18546,0.81483,0.11922,0.6873,0.07234,0.53972,0.04108,0.40074,0.02248,0.29041,0.02077,0.23024,0.08763,0.20106,0.15716,0.11009,0.19996,0,0.23561,0,0.56296,0.68493,0.62324,0.65699,0.66957,0.6269,0.11878,0.29097,0.13041,0.39956,0.14611,0.51038],"triangles":[14,12,13,34,14,15,12,34,11,14,34,12,33,11,34,32,11,33,16,34,15,33,34,16,17,33,16,32,33,17,18,32,17,0,30,31,29,30,0,1,29,0,28,29,1,2,28,1,35,26,27,35,28,2,35,27,28,3,35,2,3,36,35,4,36,3,25,26,35,25,35,36,5,37,36,5,36,4,37,24,25,37,25,36,23,24,37,37,32,23,22,23,32,5,6,9,8,6,7,9,6,8,5,9,37,9,10,37,32,10,11,19,21,32,10,32,37,21,22,32,18,19,32,20,21,19],"vertices":[2,3,24.66,-15.09,1.5E-4,4,14.66,-10.31,0.99985,3,2,36.03,-23.41,0.00244,3,19.75,-12.69,0.11607,4,9.21,-9.94,0.88149,3,2,35.35,-18.05,0.00483,3,15.07,-10.01,0.22936,4,3.86,-9.23,0.76581,3,2,34.62,-14.03,0.12538,3,11.42,-8.16,0.45952,4,-0.21,-8.91,0.4151,3,2,34.3,-10.52,0.22809,3,8.42,-6.31,0.65561,4,-3.7,-8.33,0.1163,3,2,33.98,-9.37,0.60479,3,7.31,-5.87,0.37661,4,-4.89,-8.34,0.0186,4,2,31.7,-13,0.89265,3,8.84,-9.88,0.10705,4,-1.96,-11.47,6.0E-5,22,-38.13,34.18,2.5E-4,1,2,25.75,-16.98,1,1,2,18.3,-19.29,1,1,2,8.38,-19.57,1,2,2,-1.88,-19.88,0.8,22,-7.74,18.31,0.2,2,2,-7.99,-20.4,0.75,22,-2.68,14.85,0.25,2,2,-17.69,-23.9,0.29,22,7.05,11.44,0.71,2,2,-23.82,-26.66,3.4E-4,22,13.54,9.71,0.99966,1,22,19.34,6.43,1,1,22,21.53,-2.06,1,1,22,16.02,-8.09,1,2,2,-33.15,-9.72,0.16,22,10.08,-9.31,0.84,2,2,-24.95,-3.07,0.72,22,-0.48,-9.29,0.28,2,2,-14.65,9.09,0.91,22,-16.14,-12.22,0.09,2,2,0.48,18.5,0.91894,22,-33.82,-9.96,0.08106,2,2,16.3,19.39,0.99999,22,-46.64,-0.66,1.0E-5,1,2,28.82,17.09,1,2,2,39.57,12.63,0.93266,3,-6.88,11.85,0.06734,3,2,43.45,5.61,0.15388,3,1.05,10.72,0.84598,4,-16.96,4.64,1.4E-4,2,3,10.44,11.53,0.81384,4,-8.59,8.95,0.18616,2,3,18.19,12.14,0.36214,4,-1.64,12.44,0.63786,2,3,22.16,11.41,0.25073,4,2.31,13.27,0.74927,2,3,22.04,2.57,0.02006,4,5.55,5.05,0.97994,1,4,12.94,-2.89,1,1,4,21.07,-7.23,1,1,4,21.77,-11.77,1,1,22,0.24,0.09,1,1,22,8.23,-0.21,1,1,22,14.53,0.12,1,3,2,43.77,-12.11,0.03737,3,15.39,0.29,0.35414,4,0.26,0.42,0.60849,3,2,41.18,-5.93,0.27182,3,8.9,1.95,0.61837,4,-6.38,-0.5,0.10981,3,2,38.23,0.19,0.53082,3,2.24,3.28,0.46052,4,-13.05,-1.8,0.00866],"hull":32,"edges":[52,50,50,48,48,46,46,44,44,42,42,40,40,38,38,36,32,30,30,28,28,26,26,24,24,22,22,20,20,18,18,16,16,14,14,12,12,10,10,8,0,62,52,54,54,56,56,58,60,62,58,60,32,34,34,36,4,6,6,8,0,2,2,4],"width":129,"height":67}},"da tui_1":{"da tui_1":{"type":"mesh","path":"da tui","uvs":[0.63925,0.14837,0.69397,0.33626,0.78112,0.52203,0.99999,0.79225,1,0.99999,0.71905,1,0.38161,0.81336,0.07838,0.5727,0,0.16104,0.25393,0,0.42265,0,0.34969,0.33203,0.58681,0.63814],"triangles":[5,3,4,11,9,10,11,10,0,8,9,11,11,0,1,12,11,1,12,1,2,6,7,11,12,6,11,3,5,12,3,12,2,6,12,5,7,8,11],"vertices":[2,15,-4.06,5.61,0.27,2,-6.84,1.58,0.73,2,15,3.49,5.68,0.73,2,-13.4,5.38,0.27,2,15,9.64,5.11,0.87,2,-18.43,9.03,0.13,2,15,19.49,5.87,0.53,16,-4.08,4.38,0.47,2,15,24.05,2.59,0.59,16,1.15,6.42,0.41,2,15,19.94,-3.09,0.31,16,3.68,-0.13,0.69,2,15,10.25,-7.54,0.88,2,-12.45,20.28,0.12,2,15,-0.94,-10.97,0.62,2,-1.02,17.48,0.38,2,15,-12.24,-6.91,0.42,2,6.63,8.18,0.58,1,2,5.5,1.93,1,1,2,1.64,0.25,1,1,15,-0.07,-0.1,1,1,15,10.1,-0.11,1],"hull":11,"edges":[14,12,12,10,8,10,8,6,6,4,4,2,2,0,0,20,18,20,18,16,16,14,14,22,22,2,12,24,24,4],"width":25,"height":27}},"da tui_2":{"da tui_1":{"type":"mesh","path":"da tui","uvs":[0.63733,0.14292,0.76713,0.45541,0.98112,0.79192,1,0.94707,0.87333,1,0.64677,0.99999,0.27545,0.74248,0.05445,0.56981,0,0.28489,0.07093,0.11015,0.28805,0,0.42257,0,0.32817,0.32867,0.57125,0.60837],"triangles":[12,11,0,12,10,11,9,10,12,8,9,12,12,0,1,7,8,12,13,12,1,6,7,12,13,6,12,13,1,2,5,13,2,4,5,2,6,13,5,3,4,2],"vertices":[1,2,10.47,8.3,1,1,8,10.61,7.56,1,2,8,20.92,5.43,0.66,9,-3.92,4.34,0.34,2,8,24.33,2.97,0.52,9,-0.26,6.42,0.48,2,8,23.26,-0.33,0.45,9,2.3,4.07,0.55,2,8,19.45,-4.54,0.78,9,4.55,-1.14,0.22,2,8,5.96,-7.94,0.66,2,7.62,26.36,0.34,2,8,-3.53,-10.24,0.28,2,17.25,24.51,0.72,2,8,-8.46,-5.12,0.53,2,19.67,17.82,0.47,2,8,-10.21,-0.32,0.46,2,19.3,12.72,0.54,1,2,20.02,8.25,1,1,2,16.93,6.91,1,1,8,0.69,1.74,1,1,8,10.37,1.16,1],"hull":12,"edges":[10,12,12,14,14,16,16,18,18,20,20,22,22,0,0,2,2,4,8,10,4,6,6,8,14,24,24,0,12,26,26,2],"width":25,"height":27}},"jiao_1":{"jiao_1":{"type":"mesh","path":"jiao","uvs":[0.93471,0.04348,1,0.12634,0.79558,0.53794,0.87317,0.66634,0.86753,0.76359,0.76266,0.75719,0.76804,0.85319,0.71419,0.96571,0.01728,0.97086,0.05266,0.83205,0.19881,0.66634,0.47702,0.62919,0.48392,0.56901,0.57573,0.47205,0.77573,0,0.62669,0.77369,0.86207,0.1017],"triangles":[7,15,6,9,15,8,10,15,9,11,15,10,8,15,7,16,14,0,16,0,1,13,14,16,2,13,16,2,16,1,13,15,11,5,2,3,11,12,13,15,13,2,4,5,3,5,15,2,15,5,6],"vertices":[1,16,-3.07,2.06,1,1,16,-1.3,5.48,1,1,16,15.02,3.28,1,2,16,18.11,7.73,0.84,17,-10.09,-2.78,0.16,2,16,21.36,8.76,0.78,17,-9.53,0.59,0.22,2,16,22.64,4.87,0.54,17,-5.48,-0.04,0.46,2,16,25.69,6.28,0.51348,17,-5.36,3.32,0.48652,2,16,30.12,5.75,0.18754,17,-2.87,7.03,0.81246,1,17,24.19,4.51,1,1,17,22.33,-0.19,1,1,17,16.08,-5.39,1,2,16,22.5,-7.14,0.30672,17,5.16,-5.61,0.69328,2,16,20.44,-7.65,0.71231,17,4.68,-7.68,0.28769,2,16,15.98,-5.55,0.94345,17,0.78,-10.7,0.05655,1,16,-2.24,-4.27,1,2,16,25.1,0.13,0.61558,17,-0.15,0,0.38442,1,16,-0.15,0.16,1],"hull":15,"edges":[2,4,4,6,6,8,8,10,10,12,12,14,14,16,16,18,18,20,20,22,26,28,28,0,0,2,22,24,24,26],"width":39,"height":35}},"jiao_2":{"jiao_1":{"type":"mesh","path":"jiao","uvs":[1,0.13235,0.78556,0.5424,0.87756,0.68057,0.8453,0.75822,0.76756,0.75377,0.76156,0.85439,0.72156,0.97771,0.02357,0.97771,0.05957,0.78085,0.19157,0.64714,0.46172,0.63148,0.49045,0.5695,0.55043,0.5248,0.77956,0,1,0,0.57556,0.80314,0.64756,0.64268],"triangles":[5,15,4,6,15,5,9,10,15,8,9,15,7,8,15,7,15,6,13,14,0,1,12,13,0,1,13,16,12,1,4,16,1,2,4,1,3,4,2,16,11,12,15,16,4,16,10,11,15,10,16],"vertices":[1,9,-1.16,6.05,1,2,9,15.33,4,0.98142,10,-8.77,-8.69,0.01858,2,9,18.36,9.2,0.86611,10,-12.05,-3.65,0.13389,2,9,21.36,9.12,0.82531,10,-10.63,-1.01,0.17469,2,9,22.4,6.27,0.66615,10,-7.61,-1.35,0.33385,2,9,25.73,7.44,0.17919,10,-7.16,2.15,0.82081,2,9,30.32,7.7,2.1E-4,10,-5.34,6.36,0.99979,1,10,21.83,4.69,1,1,10,20,-2.1,1,2,9,27.8,-15.85,6.8E-4,10,14.58,-6.46,0.99932,2,9,23.16,-6.38,0.78877,10,4.03,-6.36,0.21123,2,9,20.72,-6.2,0.94708,10,2.78,-8.45,0.05292,2,9,18.36,-4.67,0.99485,10,0.35,-9.87,0.00515,1,9,-2.04,-3.67,1,1,9,-5.42,4.23,1,2,9,26.94,0.06,0.55926,10,-0.03,-0.09,0.44074,2,9,20.67,0.44,0.99322,10,-3.18,-5.52,0.00678],"hull":15,"edges":[26,28,24,26,0,28,2,0,2,4,4,6,6,8,8,10,10,12,12,14,14,16,16,18,18,20,20,22,22,24],"width":39,"height":35}},"shang bi_1":{"shang bi_1":{"type":"mesh","path":"shang bi","uvs":[0.81696,0.14156,0.87221,0.29902,0.93696,0.48356,0.93626,0.69771,0.93562,0.89156,0.84762,0.976,0.69296,1,0.51429,0.95956,0.3688,0.80339,0.21429,0.63756,0.09962,0.46756,0.04896,0.19556,0.16629,0.03756,0.40896,1.0E-5,0.67562,0,0.44671,0.39168,0.53871,0.55368,0.59471,0.73668],"triangles":[15,13,14,15,14,0,15,0,1,12,13,15,11,12,15,10,11,15,16,15,1,16,1,2,9,10,15,9,15,16,2,17,16,3,17,2,8,9,16,8,16,17,4,17,3,7,8,17,17,6,7,4,5,17,5,6,17],"vertices":[1,18,-0.22,6.89,1,1,18,3.03,6.7,1,1,18,6.84,6.47,1,1,18,10.91,5.13,1,1,18,14.59,3.91,1,1,18,15.78,2.13,1,1,18,15.52,-0.22,1,1,18,13.91,-2.52,1,1,18,10.27,-3.62,1,1,18,6.39,-4.79,1,1,18,2.63,-5.36,1,1,18,-2.78,-4.39,1,1,18,-5.24,-1.74,1,1,18,-4.82,1.96,1,1,18,-3.57,5.76,1,1,18,2.8,0.06,1,1,18,6.31,0.36,1,1,18,10.05,0.02,1],"hull":15,"edges":[0,28,18,20,20,22,22,24,26,28,24,26,14,12,10,12,10,8,20,30,0,2,2,4,30,2,18,32,32,4,14,16,16,18,16,34,4,6,6,8,34,6],"width":15,"height":20}},"shang bi_2":{"shang bi_1":{"type":"mesh","path":"shang bi","uvs":[0.8548,0.14225,0.95161,0.33981,0.95849,0.56214,0.98241,0.72307,0.96936,0.87205,0.85866,0.98722,0.69688,1,0.47529,0.9633,0.34309,0.83294,0.22664,0.67239,0.14217,0.52681,0.06966,0.40184,0.08166,0.1318,0.2854,0,0.64733,0,0.62843,0.71216,0.48615,0.40261],"triangles":[16,13,14,16,14,0,16,0,1,12,13,16,11,12,16,10,11,16,16,1,2,9,10,16,15,16,2,9,16,15,15,2,3,8,9,15,4,15,3,7,8,15,5,15,4,6,7,15,5,6,15],"vertices":[1,11,2.5,9.89,1,1,11,6.57,8.81,1,1,11,10.27,6.34,1,1,11,13.11,4.78,1,1,11,15.44,2.91,1,1,11,16.37,0.23,1,1,11,15.19,-1.9,1,1,11,12.68,-4.2,1,1,11,9.4,-4.33,1,1,11,5.77,-3.92,1,1,11,2.66,-3.28,1,1,11,-0.01,-2.74,1,1,11,-4.33,0.51,1,1,11,-4.73,4.53,1,1,11,-1.61,8.97,1,1,11,9.88,0.56,1,1,11,3.59,2.37,1],"hull":15,"edges":[22,24,28,0,0,2,8,6,8,10,10,12,12,14,24,26,26,28,14,16,16,18,16,30,2,4,4,6,30,4,18,20,20,22,20,32,32,2],"width":15,"height":20}},"tou":{"tou":{"type":"mesh","uvs":[1,0.35332,0.84743,0.6668,0.71922,0.84909,0.53815,0.92917,0.12709,0.91554,0.01436,0.99999,0,0.76902,0.03705,0.54924,0.47747,0.14887,0.729,0,1,0],"triangles":[9,10,0,0,8,9,1,8,0,8,3,7,1,2,8,4,6,7,7,3,4,8,2,3,5,6,4],"vertices":[1,21,-36.59,-6.02,1,1,21,-19.12,7.64,1,1,21,-5.32,14.84,1,1,21,12.22,15.62,1,1,21,49.91,7.06,1,1,21,61.21,9.38,1,1,21,60.01,-3.11,1,1,21,54.19,-14.02,1,1,21,9.26,-26.8,1,1,21,-15.52,-29.87,1,1,21,-40.46,-24.71,1],"hull":11,"edges":[8,6,6,4,4,2,0,20,2,0,10,12,12,14,14,16,18,20,16,18,8,10],"width":94,"height":54}},"wei ba":{"wei ba":{"type":"mesh","uvs":[0.82958,0.05717,1,0.17739,1,0.29996,0.8041,0.32825,0.67673,0.40132,0.58179,0.52153,0.53007,0.58285,0.47642,0.64646,0.36989,0.78789,0.22631,0.96232,0.06189,0.89396,0,0.63939,0.01905,0.32589,0.13716,0.25517,0.25873,0.18446,0.33948,0.133,0.39189,0.0996,0.53084,0.03832,0.66242,0.013,0.25311,0.58798,0.40357,0.44398,0.5035,0.32284,0.13522,0.65426,0.63762,0.24431,0.44117,0.36618],"triangles":[23,17,18,23,18,0,3,0,1,3,23,0,1,2,3,4,23,3,21,23,4,23,21,16,23,16,17,15,16,21,24,15,21,5,21,4,24,21,5,6,20,24,5,6,24,6,7,20,14,15,24,20,14,24,13,14,20,7,19,20,8,19,7,8,9,22,19,13,20,12,13,19,22,11,12,19,22,12,10,11,22,8,22,19,10,22,9],"vertices":[1,25,11.49,3.14,1,1,25,20.34,-2.1,1,1,25,19.65,-5.46,1,1,25,8.55,-4,1,2,24,12.8,-4.67,0.43774,25,1.03,-4.56,0.56226,3,23,17.64,-6.26,0.03217,24,6.54,-5.86,0.96315,25,-4.95,-6.77,0.00468,3,23,14.25,-6.59,0.32604,24,3.17,-6.4,0.67157,25,-8.18,-7.87,0.00238,2,23,10.72,-6.93,0.63092,24,-0.32,-6.96,0.36908,3,22,19.41,-7.33,0.17515,23,3.55,-7.99,0.81836,24,-7.41,-8.47,0.00649,3,22,8.44,-8.79,0.72251,23,-7.5,-7.7,0.07749,2,-31.54,-9.1,0.2,1,22,1.7,-5.46,1,1,22,0.23,2.36,1,3,22,1.93,11.73,0.67844,23,-10.71,13.58,0.03156,2,-13.54,-20.89,0.29,2,22,10.65,10.61,0.70569,23,-2.27,11.1,0.29431,3,22,17.86,10.64,0.17411,23,4.85,10.01,0.79179,24,-7.25,9.57,0.0341,3,22,22.68,10.79,0.06927,23,9.63,9.4,0.58807,24,-2.43,9.26,0.34267,3,22,25.81,10.89,0.00121,23,12.74,9,0.45584,24,0.69,9.06,0.54295,3,23,20.65,7.25,0.01355,24,8.7,7.81,0.92848,25,-5.09,7.06,0.05797,2,24,15.95,5.77,0.22955,25,2.4,6.26,0.77045,3,22,14.51,-0.15,0.4678,23,-0.16,-0.13,0.35129,24,-11.61,-0.86,0.18091,4,22,23.85,1.42,0.17302,23,9.32,-0.04,0.33109,24,-2.16,-0.18,0.49377,25,-14.47,-2.61,0.00212,4,22,30.25,3.15,0.0551,23,15.91,0.66,0.24368,24,4.38,0.94,0.48754,25,-8.21,-0.43,0.21368,3,22,7.53,-0.12,0.73631,23,-7.04,0.99,0.17406,24,-18.55,-0.17,0.08964,4,22,38.21,3.21,0.02379,23,23.78,-0.53,0.10523,24,12.3,0.24,0.26994,25,-0.28,0.2,0.60104,4,22,26.5,2.94,0.11607,23,12.18,1.04,0.32294,24,0.63,1.08,0.45671,25,-11.93,-0.91,0.10427],"hull":19,"edges":[18,16,16,14,10,8,8,6,6,4,18,20,20,22,22,24,24,26,26,28,32,34,34,36,36,0,4,2,0,2,16,38,38,26,14,40,40,28,10,42,42,32,18,44,44,24,8,46,46,34,28,30,30,32,30,48,10,12,12,14,48,12],"width":57,"height":28}},"zhua zi_1":{"zhua zi_1":{"type":"mesh","path":"zhua zi","uvs":[1,0.20731,0.88432,0.27144,0.71364,0.32275,0.49028,0.38431,0.49307,0.50214,0.4966,0.65109,0.59142,0.66649,0.69257,0.41766,0.89274,0.73318,0.71574,0.95636,0.41864,0.92301,0.10046,0.75627,0.07513,0.60598,0.04989,0.45614,0.15735,0.1714,0.47764,0.06622,0.92014,0.04104,0.2311,0.39714,0.52821,0.2304,0.33224,0.55105],"triangles":[9,10,6,10,5,6,9,6,8,11,19,10,10,19,5,11,12,19,6,7,8,19,4,5,12,17,19,12,13,17,4,19,3,19,17,3,13,14,17,3,17,18,3,18,2,18,17,14,1,2,16,0,1,16,14,15,18,16,2,18,18,15,16],"vertices":[1,19,-4.85,2.34,1,1,19,-1.32,2.74,1,1,19,3.59,2.37,1,2,19,9.98,1.78,0.89295,20,4.4,5.77,0.10705,2,19,10.75,4.38,0.36388,20,6.5,4.05,0.63612,2,19,11.72,7.66,0.01544,20,9.15,1.87,0.98456,1,20,11.16,3.65,1,1,20,8.69,9.54,1,1,20,17.85,9.01,1,1,20,18.47,1.9,1,1,20,12.44,-3.88,1,1,20,3.7,-8.08,1,1,20,0.62,-6.35,1,1,20,-2.44,-4.63,1,2,19,17.32,-5.77,0.8863,20,-5.41,1.94,0.1137,1,19,8.04,-5.29,1,1,19,-3.92,-1.99,1,2,19,16.97,-0.2,0.57396,20,-0.14,0.09,0.42604,1,19,7.87,-1.26,1,1,20,4.39,-0.09,1],"hull":17,"edges":[32,30,30,28,28,26,22,20,20,18,16,14,12,10,6,4,4,2,2,0,6,34,34,26,30,36,36,6,36,4,26,24,24,22,24,38,10,8,8,6,38,8,32,0,12,14,16,18],"width":28,"height":23}},"zhua zi_2":{"zhua zi_1":{"type":"mesh","path":"zhua zi","uvs":[0.51453,0.93448,0.27221,0.86779,0.06992,0.70105,0.06773,0.51415,0.06571,0.34192,0.18371,0.16235,0.31421,0.1254,0.45553,0.08539,0.8896,0.05718,1,0.13413,0.92753,0.24444,0.50399,0.38552,0.50399,0.51081,0.50399,0.63948,0.62199,0.65231,0.63821,0.55726,0.69346,0.42966,0.8106,0.506,0.87064,0.6677,0.84956,0.83444,0.72314,0.92935,0.2486,0.36999,0.30785,0.52111,0.45456,0.27038,0.81852,0.13642],"triangles":[1,13,0,0,14,20,0,13,14,20,14,19,1,22,13,1,2,22,19,14,18,18,14,15,18,15,17,2,3,22,13,22,12,15,16,17,3,21,22,12,22,11,3,4,21,11,22,21,11,24,10,21,23,11,11,23,24,4,5,21,21,6,23,21,5,6,23,7,24,23,6,7,10,24,9,9,24,8,24,7,8],"vertices":[1,13,14.96,-2.85,1,1,13,9.34,-6.94,1,1,13,2.73,-8.68,1,1,13,-0.55,-5.9,1,2,12,21.46,-2.02,0.02231,13,-3.57,-3.34,0.97769,2,12,17.03,-4.91,0.8683,13,-4.5,1.87,0.1317,1,12,13.29,-4.57,1,1,12,9.25,-4.2,1,1,12,-2.5,-1.01,1,1,12,-4.88,1.64,1,1,12,-2.16,3.41,1,2,12,10.12,2.78,0.78817,13,5.26,5.24,0.21183,2,12,11.03,5.51,0.20506,13,7.43,3.35,0.79494,2,12,11.95,8.32,0.00616,13,9.66,1.4,0.99384,1,13,12.06,3.69,1,1,13,10.71,5.47,1,1,13,9.52,8.57,1,1,13,13,9.88,1,1,13,16.91,8.7,1,1,13,19.41,5.73,1,1,13,18.72,1.63,1,2,12,16.8,0.2,0.62154,13,0.29,0.09,0.37846,1,13,4,-0.94,1,1,12,10.61,-0.17,1,1,12,-0.04,0.1,1],"hull":21,"edges":[22,20,20,18,18,16,16,14,10,8,4,2,2,0,0,40,40,38,38,36,36,34,34,32,32,30,30,28,28,26,22,42,42,8,22,24,24,26,24,44,4,6,6,8,44,6,10,12,12,14,12,46,46,22],"width":28,"height":23}},"zui":{"zui":{"type":"mesh","uvs":[1,0.24805,0.97152,0.38357,0.85738,0.57381,0.15965,0.97503,0.01498,0.92287,0.00936,0.70571,0.48522,0.24635,0.69541,0.12184,0.85269,0,1,0],"triangles":[1,7,0,8,9,0,7,8,0,2,7,1,6,7,2,5,3,4,6,3,5,6,2,3],"vertices":[1,21,-6.04,13.29,1,2,26,-15.51,5.37,0.38,21,-3.6,17.35,0.62,2,26,-7.26,8.65,0.89,21,3.82,22.22,0.11,1,26,33.22,5.58,1,1,26,39.84,0.84,1,1,26,37.28,-5.86,1,2,26,7.24,-9.39,0.83,21,21.67,7.49,0.17,2,26,-5,-8.58,0.53,21,9.52,5.81,0.47,1,21,0.23,3.63,1,1,21,-7.7,5.27,1],"hull":10,"edges":[8,6,6,4,4,2,0,18,2,0,8,10,10,12,12,14,16,18,14,16],"width":55,"height":33}}}},"animations":{"attack":{"bones":{"hou jiao_IK":{"rotate":[{"time":0,"angle":0,"curve":"stepped"},{"time":0.4667,"angle":0,"curve":"stepped"},{"time":0.8333,"angle":0}],"translate":[{"time":0,"x":0,"y":0,"curve":"stepped"},{"time":0.3333,"x":0,"y":0},{"time":0.3667,"x":-4.64,"y":2.23},{"time":0.4333,"x":-13.92,"y":0,"curve":"stepped"},{"time":0.6667,"x":-13.92,"y":0},{"time":0.7333,"x":-8.35,"y":3.54},{"time":0.8333,"x":0,"y":0}],"scale":[{"time":0,"x":1,"y":1,"curve":"stepped"},{"time":0.4667,"x":1,"y":1,"curve":"stepped"},{"time":0.8333,"x":1,"y":1}]},"wei_1":{"rotate":[{"time":0,"angle":10.3,"curve":[0.25,0,0.75,1]},{"time":0.2667,"angle":-10.9,"curve":[0.25,0,0.75,1]},{"time":0.4667,"angle":11.39,"curve":[0.25,0,0.75,1]},{"time":0.6333,"angle":-2.57,"curve":[0.25,0,0.75,1]},{"time":0.8333,"angle":10.3}],"translate":[{"time":0,"x":0,"y":0,"curve":"stepped"},{"time":0.8333,"x":0,"y":0}],"scale":[{"time":0,"x":1,"y":1,"curve":"stepped"},{"time":0.8333,"x":1,"y":1}]},"root":{"rotate":[{"time":0,"angle":0,"curve":"stepped"},{"time":0.4667,"angle":0,"curve":"stepped"},{"time":0.8333,"angle":0}],"translate":[{"time":0,"x":0,"y":0,"curve":"stepped"},{"time":0.4667,"x":0,"y":0,"curve":"stepped"},{"time":0.8333,"x":0,"y":0}],"scale":[{"time":0,"x":1,"y":1,"curve":"stepped"},{"time":0.4667,"x":1,"y":1,"curve":"stepped"},{"time":0.8333,"x":1,"y":1}]},"zui":{"rotate":[{"time":0,"angle":0,"curve":[0.262,0,0.618,0.44]},{"time":0.3333,"angle":-17.99,"curve":[0.329,0.32,0.682,0.71]},{"time":0.4,"angle":36.95,"curve":"stepped"},{"time":0.4667,"angle":36.95},{"time":0.5333,"angle":-19.33},{"time":0.8333,"angle":0}],"translate":[{"time":0,"x":0,"y":0,"curve":"stepped"},{"time":0.8333,"x":0,"y":0}],"scale":[{"time":0,"x":1,"y":1,"curve":"stepped"},{"time":0.8333,"x":1,"y":1}]},"bo zi":{"rotate":[{"time":0,"angle":-5.82,"curve":"stepped"},{"time":0.3333,"angle":-5.82,"curve":[0.25,0,0.75,1]},{"time":0.4667,"angle":1.22,"curve":[0.25,0,0.75,1]},{"time":0.6667,"angle":2.26},{"time":0.8333,"angle":-5.82}],"translate":[{"time":0,"x":0,"y":0,"curve":"stepped"},{"time":0.4667,"x":0,"y":0,"curve":"stepped"},{"time":0.8333,"x":0,"y":0}],"scale":[{"time":0,"x":1,"y":1,"curve":"stepped"},{"time":0.4667,"x":1,"y":1,"curve":"stepped"},{"time":0.8333,"x":1,"y":1}]},"center":{"rotate":[{"time":0,"angle":0,"curve":"stepped"},{"time":0.4667,"angle":0,"curve":"stepped"},{"time":0.8333,"angle":0}],"translate":[{"time":0,"x":0,"y":0,"curve":"stepped"},{"time":0.4667,"x":0,"y":0,"curve":"stepped"},{"time":0.8333,"x":0,"y":0}],"scale":[{"time":0,"x":1,"y":1,"curve":"stepped"},{"time":0.4667,"x":1,"y":1,"curve":"stepped"},{"time":0.8333,"x":1,"y":1}]},"body":{"rotate":[{"time":0,"angle":0},{"time":0.1,"angle":-11.53},{"time":0.3333,"angle":-22.66},{"time":0.4667,"angle":7.83},{"time":0.8333,"angle":0}],"translate":[{"time":0,"x":0,"y":0},{"time":0.1,"x":6.41,"y":-5.07},{"time":0.3333,"x":10.7,"y":-9.36},{"time":0.4667,"x":-12.96,"y":0},{"time":0.8333,"x":0,"y":0}],"scale":[{"time":0,"x":1,"y":1,"curve":"stepped"},{"time":0.4667,"x":1,"y":1,"curve":"stepped"},{"time":0.8333,"x":1,"y":1}]},"body_2":{"rotate":[{"time":0,"angle":0,"curve":"stepped"},{"time":0.1,"angle":0},{"time":0.3333,"angle":-11.3},{"time":0.4667,"angle":25.45},{"time":0.6667,"angle":28.6},{"time":0.8333,"angle":0}],"translate":[{"time":0,"x":0,"y":0,"curve":"stepped"},{"time":0.4667,"x":0,"y":0,"curve":"stepped"},{"time":0.8333,"x":0,"y":0}],"scale":[{"time":0,"x":1,"y":1,"curve":"stepped"},{"time":0.4667,"x":1,"y":1,"curve":"stepped"},{"time":0.8333,"x":1,"y":1}]},"qian zhua_1":{"rotate":[{"time":0,"angle":0,"curve":[0.25,0,0.75,1]},{"time":0.3,"angle":-27.09,"curve":[0.25,0,0.75,1]},{"time":0.5667,"angle":13.89,"curve":[0.25,0,0.75,1]},{"time":0.8333,"angle":0}],"translate":[{"time":0,"x":0,"y":0,"curve":"stepped"},{"time":0.8333,"x":0,"y":0}],"scale":[{"time":0,"x":1,"y":1,"curve":"stepped"},{"time":0.8333,"x":1,"y":1}]},"qian zhua_2":{"rotate":[{"time":0,"angle":-29.31,"curve":[0.25,0,0.75,1]},{"time":0.3,"angle":-53.14,"curve":[0.25,0,0.75,1]},{"time":0.5667,"angle":-9.46,"curve":[0.25,0,0.75,1]},{"time":0.8333,"angle":-29.31}],"translate":[{"time":0,"x":0,"y":0,"curve":"stepped"},{"time":0.8333,"x":0,"y":0}],"scale":[{"time":0,"x":1,"y":1,"curve":"stepped"},{"time":0.8333,"x":1,"y":1}]},"qian zhua_3":{"rotate":[{"time":0,"angle":0,"curve":[0.25,0,0.75,1]},{"time":0.3,"angle":-11.53,"curve":[0.25,0,0.75,1]},{"time":0.5667,"angle":-39.74,"curve":[0.25,0,0.75,1]},{"time":0.8333,"angle":0}],"translate":[{"time":0,"x":0,"y":0,"curve":"stepped"},{"time":0.8333,"x":0,"y":0}],"scale":[{"time":0,"x":1,"y":1,"curve":"stepped"},{"time":0.8333,"x":1,"y":1}]},"wei_2":{"rotate":[{"time":0,"angle":0,"curve":[0.25,0,0.75,1]},{"time":0.2,"angle":24.84,"curve":[0.25,0,0.75,1]},{"time":0.4,"angle":-21.73,"curve":[0.25,0,0.75,1]},{"time":0.5667,"angle":23.52,"curve":[0.25,0,0.75,1]},{"time":0.8333,"angle":0}],"translate":[{"time":0,"x":0,"y":0,"curve":"stepped"},{"time":0.8333,"x":0,"y":0}],"scale":[{"time":0,"x":1,"y":1,"curve":"stepped"},{"time":0.8333,"x":1,"y":1}]},"wei_3":{"rotate":[{"time":0,"angle":-17.74,"curve":[0.25,0,0.75,1]},{"time":0.2667,"angle":15.38,"curve":[0.25,0,0.75,1]},{"time":0.4667,"angle":-31.4,"curve":[0.25,0,0.75,1]},{"time":0.6333,"angle":0.24,"curve":[0.25,0,0.75,1]},{"time":0.8333,"angle":-17.74}],"translate":[{"time":0,"x":0,"y":0,"curve":"stepped"},{"time":0.8333,"x":0,"y":0}],"scale":[{"time":0,"x":1,"y":1,"curve":"stepped"},{"time":0.8333,"x":1,"y":1}]},"wei_4":{"rotate":[{"time":0,"angle":0,"curve":[0.25,0,0.75,1]},{"time":0.3333,"angle":24.88,"curve":[0.25,0,0.75,1]},{"time":0.5333,"angle":-21.08,"curve":[0.25,0,0.75,1]},{"time":0.7,"angle":18.48,"curve":[0.25,0,0.75,1]},{"time":0.8333,"angle":0}],"translate":[{"time":0,"x":0,"y":0,"curve":"stepped"},{"time":0.8333,"x":0,"y":0}],"scale":[{"time":0,"x":1,"y":1,"curve":"stepped"},{"time":0.8333,"x":1,"y":1}]},"qian jiao_IK":{"rotate":[{"time":0,"angle":0,"curve":"stepped"},{"time":0.4667,"angle":0,"curve":"stepped"},{"time":0.8333,"angle":0}],"translate":[{"time":0,"x":0,"y":0,"curve":"stepped"},{"time":0.4667,"x":0,"y":0,"curve":"stepped"},{"time":0.8333,"x":0,"y":0}],"scale":[{"time":0,"x":1,"y":1,"curve":"stepped"},{"time":0.4667,"x":1,"y":1,"curve":"stepped"},{"time":0.8333,"x":1,"y":1}]},"qian da tui_1":{"rotate":[{"time":0,"angle":0,"curve":"stepped"},{"time":0.4667,"angle":0,"curve":"stepped"},{"time":0.8333,"angle":0}],"translate":[{"time":0,"x":0,"y":0,"curve":"stepped"},{"time":0.4667,"x":0,"y":0,"curve":"stepped"},{"time":0.8333,"x":0,"y":0}],"scale":[{"time":0,"x":1,"y":1,"curve":"stepped"},{"time":0.4667,"x":1,"y":1,"curve":"stepped"},{"time":0.8333,"x":1,"y":1}]},"qian xiao tui_1":{"rotate":[{"time":0,"angle":0,"curve":"stepped"},{"time":0.4667,"angle":0,"curve":"stepped"},{"time":0.8333,"angle":0}],"translate":[{"time":0,"x":0,"y":0,"curve":"stepped"},{"time":0.4667,"x":0,"y":0,"curve":"stepped"},{"time":0.8333,"x":0,"y":0}],"scale":[{"time":0,"x":1,"y":1,"curve":"stepped"},{"time":0.4667,"x":1,"y":1,"curve":"stepped"},{"time":0.8333,"x":1,"y":1}]},"qian jiao_1":{"rotate":[{"time":0,"angle":0},{"time":0.1667,"angle":17.03},{"time":0.4667,"angle":-8.84},{"time":0.8333,"angle":0}],"translate":[{"time":0,"x":0,"y":0,"curve":"stepped"},{"time":0.4667,"x":0,"y":0,"curve":"stepped"},{"time":0.8333,"x":0,"y":0}],"scale":[{"time":0,"x":1,"y":1,"curve":"stepped"},{"time":0.4667,"x":1,"y":1,"curve":"stepped"},{"time":0.8333,"x":1,"y":1}]},"hou da tui_2":{"rotate":[{"time":0,"angle":-0.46,"curve":"stepped"},{"time":0.4667,"angle":-0.46,"curve":"stepped"},{"time":0.8333,"angle":-0.46}],"translate":[{"time":0,"x":0,"y":0,"curve":"stepped"},{"time":0.4667,"x":0,"y":0,"curve":"stepped"},{"time":0.8333,"x":0,"y":0}],"scale":[{"time":0,"x":1,"y":1,"curve":"stepped"},{"time":0.4667,"x":1,"y":1,"curve":"stepped"},{"time":0.8333,"x":1,"y":1}]},"hou xiao tui_2":{"rotate":[{"time":0,"angle":0.68,"curve":"stepped"},{"time":0.4667,"angle":0.68,"curve":"stepped"},{"time":0.8333,"angle":0.68}],"translate":[{"time":0,"x":0,"y":0,"curve":"stepped"},{"time":0.4667,"x":0,"y":0,"curve":"stepped"},{"time":0.8333,"x":0,"y":0}],"scale":[{"time":0,"x":1,"y":1,"curve":"stepped"},{"time":0.4667,"x":1,"y":1,"curve":"stepped"},{"time":0.8333,"x":1,"y":1}]},"hou jiao_2":{"rotate":[{"time":0,"angle":0.31,"curve":"stepped"},{"time":0.4667,"angle":0.31,"curve":"stepped"},{"time":0.8333,"angle":0.31}],"translate":[{"time":0,"x":0,"y":0,"curve":"stepped"},{"time":0.4667,"x":0,"y":0,"curve":"stepped"},{"time":0.8333,"x":0,"y":0}],"scale":[{"time":0,"x":1,"y":1,"curve":"stepped"},{"time":0.4667,"x":1,"y":1,"curve":"stepped"},{"time":0.8333,"x":1,"y":1}]},"hou zhua_1":{"rotate":[{"time":0,"angle":0,"curve":[0.25,0,0.75,1]},{"time":0.2333,"angle":-27.09,"curve":[0.25,0,0.75,1]},{"time":0.5,"angle":13.89,"curve":[0.25,0,0.75,1]},{"time":0.8333,"angle":0}],"translate":[{"time":0,"x":0,"y":0,"curve":"stepped"},{"time":0.8333,"x":0,"y":0}],"scale":[{"time":0,"x":1,"y":1,"curve":"stepped"},{"time":0.8333,"x":1,"y":1}]},"hou zhua_2":{"rotate":[{"time":0,"angle":-29.31,"curve":[0.25,0,0.75,1]},{"time":0.2333,"angle":-53.14,"curve":[0.25,0,0.75,1]},{"time":0.5,"angle":-9.46,"curve":[0.25,0,0.75,1]},{"time":0.8333,"angle":-29.31}],"translate":[{"time":0,"x":0,"y":0,"curve":"stepped"},{"time":0.8333,"x":0,"y":0}],"scale":[{"time":0,"x":1,"y":1,"curve":"stepped"},{"time":0.8333,"x":1,"y":1}]},"hou zhua_3":{"rotate":[{"time":0,"angle":0,"curve":[0.25,0,0.75,1]},{"time":0.2333,"angle":-11.53,"curve":[0.25,0,0.75,1]},{"time":0.5,"angle":-39.74,"curve":[0.25,0,0.75,1]},{"time":0.8333,"angle":0}],"translate":[{"time":0,"x":0,"y":0,"curve":"stepped"},{"time":0.8333,"x":0,"y":0}],"scale":[{"time":0,"x":1,"y":1,"curve":"stepped"},{"time":0.8333,"x":1,"y":1}]},"tou":{"rotate":[{"time":0,"angle":0},{"time":0.3333,"angle":12.87},{"time":0.4667,"angle":-42.8},{"time":0.6667,"angle":-39.25},{"time":0.8333,"angle":0}],"translate":[{"time":0,"x":0,"y":0,"curve":"stepped"},{"time":0.1667,"x":0,"y":0,"curve":"stepped"},{"time":0.3333,"x":0,"y":0},{"time":0.4667,"x":-12,"y":1.54,"curve":"stepped"},{"time":0.6667,"x":-12,"y":1.54},{"time":0.8333,"x":0,"y":0}],"scale":[{"time":0,"x":1,"y":1,"curve":"stepped"},{"time":0.4667,"x":1,"y":1,"curve":"stepped"},{"time":0.8333,"x":1,"y":1}]},"bone":{"translate":[{"time":0,"x":0,"y":0,"curve":"stepped"},{"time":0.3333,"x":0,"y":0},{"time":0.3667,"x":-6.09,"y":1.96},{"time":0.4333,"x":-18.26,"y":0}]}}},"damage":{"bones":{"hou jiao_IK":{"rotate":[{"time":0,"angle":0,"curve":"stepped"},{"time":0.5,"angle":0}],"translate":[{"time":0,"x":0,"y":0},{"time":0.1,"x":0,"y":6.01},{"time":0.5,"x":0,"y":0}],"scale":[{"time":0,"x":1,"y":1,"curve":"stepped"},{"time":0.5,"x":1,"y":1}]},"wei_1":{"rotate":[{"time":0,"angle":10.3,"curve":[0.25,0,0.75,1]},{"time":0.1667,"angle":-11.56,"curve":[0.25,0,0.75,1]},{"time":0.3333,"angle":16.1,"curve":[0.25,0,0.75,1]},{"time":0.5,"angle":10.3}],"translate":[{"time":0,"x":0,"y":0,"curve":"stepped"},{"time":0.5,"x":0,"y":0}],"scale":[{"time":0,"x":1,"y":1,"curve":"stepped"},{"time":0.5,"x":1,"y":1}]},"root":{"rotate":[{"time":0,"angle":0}],"translate":[{"time":0,"x":0,"y":0}],"scale":[{"time":0,"x":1,"y":1}]},"zui":{"rotate":[{"time":0,"angle":0,"curve":"stepped"},{"time":0.1333,"angle":0},{"time":0.2667,"angle":-19},{"time":0.5,"angle":0}],"translate":[{"time":0,"x":0,"y":0,"curve":"stepped"},{"time":0.5,"x":0,"y":0}],"scale":[{"time":0,"x":1,"y":1,"curve":"stepped"},{"time":0.5,"x":1,"y":1}]},"bo zi":{"rotate":[{"time":0,"angle":-5.82,"curve":[0.25,0,0.75,1]},{"time":0.2333,"angle":-14.38,"curve":[0.25,0,0.75,1]},{"time":0.5,"angle":-5.82}],"translate":[{"time":0,"x":0,"y":0,"curve":"stepped"},{"time":0.5,"x":0,"y":0}],"scale":[{"time":0,"x":1,"y":1,"curve":"stepped"},{"time":0.5,"x":1,"y":1}]},"center":{"rotate":[{"time":0,"angle":0,"curve":"stepped"},{"time":0.5,"angle":0}],"translate":[{"time":0,"x":0,"y":0},{"time":0.1,"x":0,"y":-6.01},{"time":0.5,"x":0,"y":0}],"scale":[{"time":0,"x":1,"y":1,"curve":"stepped"},{"time":0.5,"x":1,"y":1}]},"body":{"rotate":[{"time":0,"angle":0,"curve":[0.25,0,0.75,1]},{"time":0.1,"angle":-18.06,"curve":[0.25,0,0.75,1]},{"time":0.5,"angle":0}],"translate":[{"time":0,"x":0,"y":0,"curve":[0.25,0,0.75,1]},{"time":0.1,"x":1.03,"y":2.27,"curve":[0.25,0,0.75,1]},{"time":0.3333,"x":0,"y":-3.8,"curve":[0.25,0,0.75,1]},{"time":0.5,"x":0,"y":0}],"scale":[{"time":0,"x":1,"y":1,"curve":"stepped"},{"time":0.5,"x":1,"y":1}]},"body_2":{"rotate":[{"time":0,"angle":0,"curve":[0.25,0,0.75,1]},{"time":0.1,"angle":13.24,"curve":[0.25,0,0.75,1]},{"time":0.2667,"angle":-17.43,"curve":[0.25,0,0.75,1]},{"time":0.5,"angle":0}],"translate":[{"time":0,"x":0,"y":0,"curve":"stepped"},{"time":0.5,"x":0,"y":0}],"scale":[{"time":0,"x":1,"y":1,"curve":"stepped"},{"time":0.5,"x":1,"y":1}]},"qian zhua_1":{"rotate":[{"time":0,"angle":0,"curve":[0.25,0,0.75,1]},{"time":0.2667,"angle":-20.27,"curve":[0.25,0,0.75,1]},{"time":0.5,"angle":0}],"translate":[{"time":0,"x":0,"y":0,"curve":"stepped"},{"time":0.5,"x":0,"y":0}],"scale":[{"time":0,"x":1,"y":1,"curve":"stepped"},{"time":0.5,"x":1,"y":1}]},"qian zhua_2":{"rotate":[{"time":0,"angle":0,"curve":[0.25,0,0.75,1]},{"time":0.2333,"angle":-17.24,"curve":[0.25,0,0.75,1]},{"time":0.5,"angle":0}],"translate":[{"time":0,"x":0,"y":0,"curve":"stepped"},{"time":0.5,"x":0,"y":0}],"scale":[{"time":0,"x":1,"y":1,"curve":"stepped"},{"time":0.5,"x":1,"y":1}]},"qian zhua_3":{"rotate":[{"time":0,"angle":0,"curve":[0.25,0,0.75,1]},{"time":0.1667,"angle":-30.59,"curve":[0.25,0,0.75,1]},{"time":0.3333,"angle":12.77,"curve":[0.25,0,0.75,1]},{"time":0.5,"angle":0}],"translate":[{"time":0,"x":0,"y":0,"curve":"stepped"},{"time":0.5,"x":0,"y":0}],"scale":[{"time":0,"x":1,"y":1,"curve":"stepped"},{"time":0.5,"x":1,"y":1}]},"wei_2":{"rotate":[{"time":0,"angle":0,"curve":[0.25,0,0.75,1]},{"time":0.1,"angle":22.41,"curve":[0.25,0,0.75,1]},{"time":0.3333,"angle":-20.77,"curve":[0.25,0,0.75,1]},{"time":0.5,"angle":0}],"translate":[{"time":0,"x":0,"y":0,"curve":"stepped"},{"time":0.5,"x":0,"y":0}],"scale":[{"time":0,"x":1,"y":1,"curve":"stepped"},{"time":0.5,"x":1,"y":1}]},"wei_3":{"rotate":[{"time":0,"angle":-17.74,"curve":[0.25,0,0.75,1]},{"time":0.1667,"angle":18.79,"curve":[0.25,0,0.75,1]},{"time":0.4,"angle":-25.14,"curve":[0.25,0,0.75,1]},{"time":0.5,"angle":-17.74}],"translate":[{"time":0,"x":0,"y":0,"curve":"stepped"},{"time":0.5,"x":0,"y":0}],"scale":[{"time":0,"x":1,"y":1,"curve":"stepped"},{"time":0.5,"x":1,"y":1}]},"wei_4":{"rotate":[{"time":0,"angle":0,"curve":[0.25,0,0.75,1]},{"time":0.2333,"angle":27.2,"curve":[0.25,0,0.75,1]},{"time":0.4,"angle":-14.19,"curve":[0.25,0,0.75,1]},{"time":0.5,"angle":0}],"translate":[{"time":0,"x":0,"y":0,"curve":"stepped"},{"time":0.5,"x":0,"y":0}],"scale":[{"time":0,"x":1,"y":1,"curve":"stepped"},{"time":0.5,"x":1,"y":1}]},"qian jiao_IK":{"rotate":[{"time":0,"angle":0,"curve":"stepped"},{"time":0.5,"angle":0}],"translate":[{"time":0,"x":0,"y":0},{"time":0.1,"x":0,"y":6.01},{"time":0.5,"x":0,"y":0}],"scale":[{"time":0,"x":1,"y":1,"curve":"stepped"},{"time":0.5,"x":1,"y":1}]},"qian da tui_1":{"rotate":[{"time":0,"angle":0,"curve":"stepped"},{"time":0.5,"angle":0}],"translate":[{"time":0,"x":0,"y":0,"curve":"stepped"},{"time":0.5,"x":0,"y":0}],"scale":[{"time":0,"x":1,"y":1,"curve":"stepped"},{"time":0.5,"x":1,"y":1}]},"qian xiao tui_1":{"rotate":[{"time":0,"angle":0,"curve":"stepped"},{"time":0.5,"angle":0}],"translate":[{"time":0,"x":0,"y":0,"curve":"stepped"},{"time":0.5,"x":0,"y":0}],"scale":[{"time":0,"x":1,"y":1,"curve":"stepped"},{"time":0.5,"x":1,"y":1}]},"qian jiao_1":{"rotate":[{"time":0,"angle":0},{"time":0.0333,"angle":0.52},{"time":0.0667,"angle":0.75},{"time":0.1,"angle":0.75},{"time":0.1333,"angle":0.66},{"time":0.1667,"angle":1.03},{"time":0.2,"angle":3.09},{"time":0.2667,"angle":6.31},{"time":0.3333,"angle":8.25},{"time":0.4,"angle":5.61},{"time":0.5,"angle":0}],"translate":[{"time":0,"x":0,"y":0,"curve":"stepped"},{"time":0.5,"x":0,"y":0}],"scale":[{"time":0,"x":1,"y":1,"curve":"stepped"},{"time":0.5,"x":1,"y":1}]},"hou da tui_2":{"rotate":[{"time":0,"angle":-0.46,"curve":"stepped"},{"time":0.5,"angle":-0.46}],"translate":[{"time":0,"x":0,"y":0,"curve":"stepped"},{"time":0.3333,"x":0,"y":0,"curve":"stepped"},{"time":0.5,"x":0,"y":0}],"scale":[{"time":0,"x":1,"y":1,"curve":"stepped"},{"time":0.5,"x":1,"y":1}]},"hou xiao tui_2":{"rotate":[{"time":0,"angle":0.68,"curve":"stepped"},{"time":0.5,"angle":0.68}],"translate":[{"time":0,"x":0,"y":0},{"time":0.1,"x":1.75,"y":0.17},{"time":0.2667,"x":0,"y":0,"curve":"stepped"},{"time":0.5,"x":0,"y":0}],"scale":[{"time":0,"x":1,"y":1,"curve":"stepped"},{"time":0.5,"x":1,"y":1}]},"hou jiao_2":{"rotate":[{"time":0,"angle":0.31},{"time":0.0333,"angle":0.26},{"time":0.0667,"angle":-1.18},{"time":0.1,"angle":-3.03},{"time":0.1333,"angle":-4.86},{"time":0.1667,"angle":-5.65},{"time":0.2,"angle":-2.79},{"time":0.2333,"angle":-0.3},{"time":0.2667,"angle":1.93},{"time":0.3333,"angle":5.6},{"time":0.3667,"angle":5.05},{"time":0.4,"angle":4.07},{"time":0.5,"angle":0.31}],"translate":[{"time":0,"x":0,"y":0,"curve":"stepped"},{"time":0.5,"x":0,"y":0}],"scale":[{"time":0,"x":1,"y":1,"curve":"stepped"},{"time":0.5,"x":1,"y":1}]},"hou zhua_1":{"rotate":[{"time":0,"angle":0,"curve":[0.25,0,0.75,1]},{"time":0.1667,"angle":-19.33,"curve":[0.25,0,0.75,1]},{"time":0.5,"angle":0}],"translate":[{"time":0,"x":0,"y":0,"curve":"stepped"},{"time":0.5,"x":0,"y":0}],"scale":[{"time":0,"x":1,"y":1,"curve":"stepped"},{"time":0.5,"x":1,"y":1}]},"hou zhua_2":{"rotate":[{"time":0,"angle":-29.31,"curve":[0.25,0,0.75,1]},{"time":0.1667,"angle":-52.34,"curve":[0.25,0,0.75,1]},{"time":0.5,"angle":-29.31}],"translate":[{"time":0,"x":0,"y":0,"curve":"stepped"},{"time":0.5,"x":0,"y":0}],"scale":[{"time":0,"x":1,"y":1,"curve":"stepped"},{"time":0.5,"x":1,"y":1}]},"hou zhua_3":{"rotate":[{"time":0,"angle":0,"curve":[0.25,0,0.75,1]},{"time":0.1,"angle":-16.43,"curve":[0.25,0,0.75,1]},{"time":0.2333,"angle":18.33,"curve":[0.25,0,0.75,1]},{"time":0.5,"angle":0}],"translate":[{"time":0,"x":0,"y":0,"curve":"stepped"},{"time":0.5,"x":0,"y":0}],"scale":[{"time":0,"x":1,"y":1,"curve":"stepped"},{"time":0.5,"x":1,"y":1}]},"tou":{"rotate":[{"time":0,"angle":0,"curve":"stepped"},{"time":0.5,"angle":0}],"translate":[{"time":0,"x":0,"y":0,"curve":"stepped"},{"time":0.5,"x":0,"y":0}],"scale":[{"time":0,"x":1,"y":1,"curve":"stepped"},{"time":0.5,"x":1,"y":1}]}}},"die":{"bones":{"hou jiao_IK":{"translate":[{"time":0,"x":0,"y":0},{"time":0.1667,"x":0,"y":6.01},{"time":0.3333,"x":-11.25,"y":30.61},{"time":0.5,"x":-22.5,"y":29.62}],"scale":[{"time":0,"x":1,"y":1},{"time":0.5,"x":1,"y":0.98}],"shear":[{"time":0.5,"x":0,"y":-1.2}]},"zui":{"rotate":[{"time":0.1333,"angle":0},{"time":0.2667,"angle":-19},{"time":0.5,"angle":-20.75}]},"bo zi":{"rotate":[{"time":0,"angle":-5.82,"curve":[0.25,0,0.75,1]},{"time":0.2333,"angle":-6.9,"curve":[0.25,0,0.75,1]},{"time":0.5,"angle":13.08}]},"center":{"translate":[{"time":0,"x":0,"y":0},{"time":0.1667,"x":0,"y":-6.01},{"time":0.5,"x":0,"y":-29.47}]},"body":{"rotate":[{"time":0,"angle":0,"curve":[0.25,0,0.75,1]},{"time":0.1667,"angle":-10.63,"curve":[0.25,0,0.75,1]},{"time":0.5,"angle":11.11}],"translate":[{"time":0,"x":0,"y":0},{"time":0.1667,"x":3.21,"y":5.79},{"time":0.5,"x":-54.24,"y":-8.94}]},"body_2":{"rotate":[{"time":0,"angle":0,"curve":[0.25,0,0.75,1]},{"time":0.1,"angle":13.24,"curve":[0.25,0,0.75,1]},{"time":0.2333,"angle":-6.9,"curve":[0.25,0,0.75,1]},{"time":0.5,"angle":62.42}]},"qian zhua_1":{"rotate":[{"time":0,"angle":0,"curve":[0.25,0,0.75,1]},{"time":0.2667,"angle":-13.08,"curve":[0.25,0,0.75,1]},{"time":0.5,"angle":-45}]},"qian zhua_2":{"rotate":[{"time":0,"angle":0,"curve":[0.25,0,0.75,1]},{"time":0.2333,"angle":-28.29,"curve":[0.25,0,0.75,1]},{"time":0.5,"angle":-26.97}]},"qian zhua_3":{"rotate":[{"time":0,"angle":0,"curve":[0.25,0,0.75,1]},{"time":0.1667,"angle":-1.29,"curve":[0.25,0,0.75,1]},{"time":0.3333,"angle":-18.89,"curve":[0.25,0,0.75,1]},{"time":0.5,"angle":27.82}]},"qian jiao_IK":{"rotate":[{"time":0.3,"angle":17.17}],"translate":[{"time":0,"x":0,"y":0},{"time":0.1667,"x":0,"y":6.01},{"time":0.2667,"x":-9.67,"y":27.53},{"time":0.3,"x":-12.89,"y":30.93},{"time":0.3333,"x":-16.12,"y":32.13},{"time":0.4333,"x":-25.79,"y":29.16}]},"qian da tui_1":{"rotate":[{"time":0,"angle":0}],"translate":[{"time":0,"x":0,"y":0,"curve":"stepped"},{"time":0.1667,"x":0,"y":0},{"time":0.3,"x":2.34,"y":-4.76}]},"qian xiao tui_1":{"rotate":[{"time":0,"angle":0}],"scale":[{"time":0.3333,"x":1,"y":1},{"time":0.5333,"x":0.836,"y":1}]},"qian jiao_1":{"rotate":[{"time":0,"angle":0},{"time":0.0333,"angle":0.52},{"time":0.0667,"angle":0.75},{"time":0.1,"angle":0.91},{"time":0.1333,"angle":1.18},{"time":0.1667,"angle":1.53},{"time":0.2,"angle":8.9},{"time":0.2333,"angle":13.96},{"time":0.2667,"angle":17.44},{"time":0.3,"angle":18.88},{"time":0.3333,"angle":17.18},{"time":0.3667,"angle":17.33},{"time":0.4,"angle":16.3},{"time":0.4333,"angle":14.32},{"time":0.4667,"angle":10.48},{"time":0.5,"angle":1.87}],"translate":[{"time":0.3,"x":0.3,"y":0.37}]},"hou da tui_2":{"rotate":[{"time":0,"angle":-0.46}],"translate":[{"time":0.3333,"x":0,"y":0},{"time":0.5,"x":0.7,"y":-3.17}]},"hou xiao tui_2":{"rotate":[{"time":0,"angle":0.68}]},"hou jiao_2":{"rotate":[{"time":0,"angle":0.31},{"time":0.0333,"angle":0.26},{"time":0.0667,"angle":-1.18},{"time":0.1,"angle":-3.03},{"time":0.1333,"angle":-4.86},{"time":0.1667,"angle":-5.65},{"time":0.2,"angle":3.41},{"time":0.2333,"angle":9.73},{"time":0.2667,"angle":13.1},{"time":0.3333,"angle":11.57},{"time":0.3667,"angle":9.18},{"time":0.4,"angle":4.07},{"time":0.5,"angle":-38.03}]},"hou zhua_1":{"rotate":[{"time":0,"angle":0,"curve":[0.25,0,0.75,1]},{"time":0.1667,"angle":-44.1,"curve":[0.25,0,0.75,1]},{"time":0.5,"angle":0}]},"hou zhua_2":{"rotate":[{"time":0,"angle":-29.31,"curve":[0.25,0,0.75,1]},{"time":0.2,"angle":-52.34,"curve":[0.25,0,0.75,1]},{"time":0.5,"angle":-61.13}]},"hou zhua_3":{"rotate":[{"time":0,"angle":0,"curve":[0.25,0,0.75,1]},{"time":0.1333,"angle":-18.84,"curve":[0.25,0,0.75,1]},{"time":0.3,"angle":18.33,"curve":[0.25,0,0.75,1]},{"time":0.5,"angle":0}]},"wei_1":{"rotate":[{"time":0,"angle":0,"curve":[0.25,0,0.75,1]},{"time":0.1667,"angle":-18.28,"curve":[0.25,0,0.75,1]},{"time":0.3333,"angle":2.66,"curve":[0.25,0,0.75,1]},{"time":0.5,"angle":-20.97}]},"wei_2":{"rotate":[{"time":0,"angle":0,"curve":[0.25,0,0.75,1]},{"time":0.1,"angle":13.6,"curve":[0.25,0,0.75,1]},{"time":0.2667,"angle":-31.48,"curve":[0.25,0,0.75,1]},{"time":0.4,"angle":-8.69,"curve":[0.25,0,0.75,1]},{"time":0.5333,"angle":-22.63}]},"wei_4":{"rotate":[{"time":0,"angle":0,"curve":[0.25,0,0.75,1]},{"time":0.1667,"angle":13.6,"curve":[0.25,0,0.75,1]},{"time":0.3333,"angle":-31.48,"curve":[0.25,0,0.75,1]},{"time":0.5,"angle":5.73,"curve":[0.25,0,0.75,1]},{"time":0.6667,"angle":-22.63}]},"wei_3":{"rotate":[{"time":0,"angle":0,"curve":[0.25,0,0.75,1]},{"time":0.1667,"angle":13.6,"curve":[0.25,0,0.75,1]},{"time":0.3333,"angle":-31.48,"curve":[0.25,0,0.75,1]},{"time":0.4667,"angle":12.37,"curve":[0.25,0,0.75,1]},{"time":0.6,"angle":-22.63}]},"tou":{"rotate":[{"time":0,"angle":0},{"time":0.3,"angle":-57.65},{"time":0.5,"angle":-82.2}],"translate":[{"time":0,"x":0,"y":0},{"time":0.1667,"x":-7.92,"y":-3.34},{"time":0.5,"x":-17.19,"y":0.19}]}}},"run":{"bones":{"center":{"translate":[{"time":0,"x":0,"y":6.43,"curve":[0.25,0,0.75,1]},{"time":0.2333,"x":0,"y":-8.75,"curve":[0.25,0,0.75,1]},{"time":0.4667,"x":0,"y":6.43,"curve":[0.25,0,0.75,1]},{"time":0.7,"x":0,"y":-8.75,"curve":[0.25,0,0.75,1]},{"time":0.9333,"x":0,"y":6.43}]},"body_2":{"rotate":[{"time":0,"angle":9.28,"curve":[0.25,0,0.75,1]},{"time":0.2333,"angle":-7.7,"curve":[0.25,0,0.75,1]},{"time":0.4667,"angle":10.77,"curve":[0.25,0,0.75,1]},{"time":0.7,"angle":-8.21,"curve":[0.25,0,0.75,1]},{"time":0.9333,"angle":9.28}]},"bo zi":{"rotate":[{"time":0,"angle":0,"curve":[0.187,0.22,0.75,1]},{"time":0.1333,"angle":5.31,"curve":[0.25,0,0.75,1]},{"time":0.3667,"angle":-3.77,"curve":[0.25,0,0.827,0.81]},{"time":0.4667,"angle":0,"curve":[0.187,0.22,0.75,1]},{"time":0.6,"angle":5.31,"curve":[0.25,0,0.75,1]},{"time":0.8333,"angle":-3.77,"curve":[0.25,0,0.827,0.81]},{"time":0.9333,"angle":0}]},"zui":{"rotate":[{"time":0,"angle":0},{"time":0.2333,"angle":-7.5},{"time":0.4667,"angle":0},{"time":0.7333,"angle":-14.79},{"time":0.9333,"angle":0}]},"qian zhua_1":{"rotate":[{"time":0,"angle":-6.35,"curve":[0.25,0,0.75,1]},{"time":0.2333,"angle":13.32,"curve":[0.25,0,0.75,1]},{"time":0.4667,"angle":-6.35,"curve":[0.25,0,0.75,1]},{"time":0.7,"angle":13.32,"curve":[0.25,0,0.75,1]},{"time":0.9333,"angle":-6.35}]},"qian zhua_2":{"rotate":[{"time":0,"angle":0,"curve":[0.25,0,0.75,1]},{"time":0.2333,"angle":-30.72,"curve":[0.25,0,0.75,1]},{"time":0.4667,"angle":0,"curve":[0.25,0,0.75,1]},{"time":0.7,"angle":-30.72,"curve":[0.25,0,0.75,1]},{"time":0.9333,"angle":0}]},"qian zhua_3":{"rotate":[{"time":0,"angle":-11.59,"curve":[0.25,0,0.75,1]},{"time":0.2333,"angle":20.98,"curve":[0.25,0,0.75,1]},{"time":0.4667,"angle":-11.59,"curve":[0.25,0,0.75,1]},{"time":0.7,"angle":7.85,"curve":[0.25,0,0.75,1]},{"time":0.9333,"angle":-11.59}]},"wei_1":{"rotate":[{"time":0,"angle":0,"curve":[0.25,0,0.75,1]},{"time":0.2333,"angle":-19.79,"curve":[0.25,0,0.75,1]},{"time":0.4667,"angle":5.07,"curve":[0.25,0,0.75,1]},{"time":0.7,"angle":-20.53,"curve":[0.25,0,0.75,1]},{"time":0.9333,"angle":0}]},"wei_2":{"rotate":[{"time":0,"angle":0,"curve":[0.187,0.23,0.75,1]},{"time":0.1333,"angle":14.22,"curve":[0.25,0,0.75,1]},{"time":0.3667,"angle":-22.15,"curve":[0.25,0,0.871,0.83]},{"time":0.4667,"angle":0,"curve":[0.187,0.23,0.75,1]},{"time":0.6,"angle":13.83,"curve":[0.25,0,0.75,1]},{"time":0.8333,"angle":-23.46,"curve":[0.25,0,0.871,0.83]},{"time":0.9333,"angle":0}]},"wei_3":{"rotate":[{"time":0,"angle":-25,"curve":[0.25,0,0.75,1]},{"time":0.2333,"angle":18.29,"curve":[0.25,0,0.75,1]},{"time":0.4667,"angle":-25,"curve":[0.25,0,0.75,1]},{"time":0.7,"angle":18.29,"curve":[0.25,0,0.75,1]},{"time":0.9333,"angle":-25}],"scale":[{"time":0,"x":1,"y":1},{"time":0.4,"x":0.844,"y":1},{"time":0.4667,"x":1,"y":1},{"time":0.8667,"x":0.844,"y":1},{"time":0.9333,"x":1,"y":1}]},"qian jiao_IK":{"rotate":[{"time":0,"angle":-2.4},{"time":0.4667,"angle":0}],"translate":[{"time":0,"x":33.5,"y":18.42},{"time":0.1333,"x":30.36,"y":25.84},{"time":0.2333,"x":10.66,"y":21.6},{"time":0.3667,"x":-16.86,"y":12.49},{"time":0.4667,"x":-28.51,"y":8.29},{"time":0.6,"x":-16.68,"y":0.43},{"time":0.7,"x":2.49,"y":8.05},{"time":0.8333,"x":17.99,"y":1.72},{"time":0.9333,"x":33.5,"y":18.42}]},"qian da tui_1":{"rotate":[{"time":0,"angle":0}]},"qian xiao tui_1":{"rotate":[{"time":0,"angle":0}]},"qian jiao_1":{"rotate":[{"time":0,"angle":35.58},{"time":0.1333,"angle":62.84},{"time":0.2667,"angle":22.09},{"time":0.4667,"angle":20.08},{"time":0.6,"angle":16.96},{"time":0.7,"angle":11.59},{"time":0.8333,"angle":-21.59},{"time":0.9333,"angle":35.58}]},"hou jiao_IK":{"translate":[{"time":0,"x":-22.33,"y":3.77},{"time":0.1333,"x":-11.88,"y":1.78},{"time":0.2333,"x":8.62,"y":8.51},{"time":0.3667,"x":19.23,"y":0.33},{"time":0.4667,"x":29.84,"y":22.54},{"time":0.6,"x":40.11,"y":31.53},{"time":0.8333,"x":-10.24,"y":16.63},{"time":0.9333,"x":-22.33,"y":3.77}]},"hou da tui_2":{"rotate":[{"time":0,"angle":-0.46}]},"hou xiao tui_2":{"rotate":[{"time":0,"angle":0.68}]},"hou jiao_2":{"rotate":[{"time":0,"angle":42.71},{"time":0.1333,"angle":18.94},{"time":0.2333,"angle":-3.62},{"time":0.3667,"angle":-29.75},{"time":0.4667,"angle":-0.11},{"time":0.7667,"angle":58.46},{"time":0.9333,"angle":42.71}]},"hou zhua_1":{"rotate":[{"time":0,"angle":-6.35,"curve":[0.25,0,0.75,1]},{"time":0.2667,"angle":13.32,"curve":[0.25,0,0.75,1]},{"time":0.4667,"angle":-6.35,"curve":[0.25,0,0.75,1]},{"time":0.7333,"angle":13.32,"curve":[0.25,0,0.75,1]},{"time":0.9333,"angle":-6.35}]},"hou zhua_2":{"rotate":[{"time":0,"angle":0,"curve":[0.25,0,0.75,1]},{"time":0.2667,"angle":-30.72,"curve":[0.25,0,0.75,1]},{"time":0.4667,"angle":0,"curve":[0.25,0,0.75,1]},{"time":0.7667,"angle":-30.72,"curve":[0.25,0,0.75,1]},{"time":0.9333,"angle":0}]},"hou zhua_3":{"rotate":[{"time":0,"angle":-11.59,"curve":[0.25,0,0.75,1]},{"time":0.2667,"angle":7.85,"curve":[0.25,0,0.75,1]},{"time":0.4667,"angle":-11.59,"curve":[0.226,0.27,0.75,1]},{"time":0.6,"angle":-22.27,"curve":[0.25,0,0.75,1]},{"time":0.8,"angle":-5.27,"curve":[0.25,0,0.846,0.81]},{"time":0.9333,"angle":-11.59}]},"wei_4":{"rotate":[{"time":0,"angle":0,"curve":[0.187,0.23,0.75,1]},{"time":0.1333,"angle":20.26,"curve":[0.25,0,0.75,1]},{"time":0.3667,"angle":-21.26,"curve":[0.25,0,0.871,0.83]},{"time":0.4667,"angle":0,"curve":[0.187,0.23,0.75,1]},{"time":0.6,"angle":20.26,"curve":[0.25,0,0.75,1]},{"time":0.8333,"angle":-21.26,"curve":[0.25,0,0.871,0.83]},{"time":0.9333,"angle":0}],"scale":[{"time":0,"x":1,"y":1},{"time":0.4,"x":0.905,"y":1},{"time":0.4667,"x":1,"y":1},{"time":0.8667,"x":0.905,"y":1},{"time":0.9333,"x":1,"y":1}]}},"ik":{"hou jiao_IK_2":[{"time":0,"mix":0}],"qian jiao_IK_2":[{"time":0,"mix":0.003}]}},"wait":{"bones":{"hou jiao_IK":{"rotate":[{"time":0,"angle":0,"curve":"stepped"},{"time":1.3333,"angle":0}],"translate":[{"time":0,"x":0,"y":0,"curve":[0.25,0,0.75,1]},{"time":0.6667,"x":0,"y":4.8,"curve":[0.25,0,0.75,1]},{"time":1.3333,"x":0,"y":0}],"scale":[{"time":0,"x":1,"y":1,"curve":"stepped"},{"time":1.3333,"x":1,"y":1}]},"wei_1":{"rotate":[{"time":0,"angle":10.3,"curve":[0.25,0,0.75,1]},{"time":0.6667,"angle":-10.59,"curve":[0.25,0,0.75,1]},{"time":1.3333,"angle":10.3}],"translate":[{"time":0,"x":0,"y":0,"curve":"stepped"},{"time":1.3333,"x":0,"y":0}],"scale":[{"time":0,"x":1,"y":1,"curve":"stepped"},{"time":1.3333,"x":1,"y":1}]},"root":{"rotate":[{"time":0,"angle":0}],"translate":[{"time":0,"x":0,"y":0}],"scale":[{"time":0,"x":1,"y":1}]},"zui":{"rotate":[{"time":0,"angle":0,"curve":[0.25,0,0.75,1]},{"time":0.6667,"angle":16.66,"curve":[0.25,0,0.75,1]},{"time":1.3333,"angle":0}],"translate":[{"time":0,"x":0,"y":0,"curve":"stepped"},{"time":1.3333,"x":0,"y":0}],"scale":[{"time":0,"x":1,"y":1,"curve":"stepped"},{"time":1.3333,"x":1,"y":1}]},"bo zi":{"rotate":[{"time":0,"angle":-5.82,"curve":[0.25,0,0.75,1]},{"time":0.6667,"angle":9.16,"curve":[0.25,0,0.75,1]},{"time":1.3333,"angle":-5.82}],"translate":[{"time":0,"x":0,"y":0,"curve":"stepped"},{"time":1.3333,"x":0,"y":0}],"scale":[{"time":0,"x":1,"y":1,"curve":"stepped"},{"time":1.3333,"x":1,"y":1}]},"center":{"rotate":[{"time":0,"angle":0,"curve":"stepped"},{"time":1.3333,"angle":0}],"translate":[{"time":0,"x":0,"y":0,"curve":[0.25,0,0.75,1]},{"time":0.6667,"x":0,"y":-4.96,"curve":[0.25,0,0.75,1]},{"time":1.3333,"x":0,"y":0}],"scale":[{"time":0,"x":1,"y":1,"curve":"stepped"},{"time":1.3333,"x":1,"y":1}]},"body":{"rotate":[{"time":0,"angle":0,"curve":"stepped"},{"time":1.3333,"angle":0}],"translate":[{"time":0,"x":0,"y":0,"curve":"stepped"},{"time":1.3333,"x":0,"y":0}],"scale":[{"time":0,"x":1,"y":1,"curve":"stepped"},{"time":1.3333,"x":1,"y":1}]},"body_2":{"rotate":[{"time":0,"angle":0,"curve":"stepped"},{"time":1.3333,"angle":0}],"translate":[{"time":0,"x":0,"y":0,"curve":"stepped"},{"time":1.3333,"x":0,"y":0}],"scale":[{"time":0,"x":1,"y":1,"curve":"stepped"},{"time":1.3333,"x":1,"y":1}]},"qian zhua_1":{"rotate":[{"time":0,"angle":0,"curve":[0.25,0,0.75,1]},{"time":0.6667,"angle":-17.03,"curve":[0.25,0,0.75,1]},{"time":1.3333,"angle":0}],"translate":[{"time":0,"x":0,"y":0,"curve":"stepped"},{"time":1.3333,"x":0,"y":0}],"scale":[{"time":0,"x":1,"y":1,"curve":"stepped"},{"time":1.3333,"x":1,"y":1}]},"qian zhua_2":{"rotate":[{"time":0,"angle":0,"curve":[0.196,0.21,0.75,1]},{"time":0.3333,"angle":12.39,"curve":[0.25,0,0.75,1]},{"time":1,"angle":-11.21,"curve":[0.25,0,0.846,0.77]},{"time":1.3333,"angle":0}],"translate":[{"time":0,"x":0,"y":0,"curve":"stepped"},{"time":1.3333,"x":0,"y":0}],"scale":[{"time":0,"x":1,"y":1,"curve":"stepped"},{"time":1.3333,"x":1,"y":1}]},"qian zhua_3":{"rotate":[{"time":0,"angle":0,"curve":[0.25,0,0.75,1]},{"time":0.6667,"angle":-27.48,"curve":[0.25,0,0.75,1]},{"time":1.3333,"angle":0}],"translate":[{"time":0,"x":0,"y":0,"curve":"stepped"},{"time":1.3333,"x":0,"y":0}],"scale":[{"time":0,"x":1,"y":1,"curve":"stepped"},{"time":1.3333,"x":1,"y":1}]},"wei_2":{"rotate":[{"time":0,"angle":0,"curve":[0.274,0.29,0.75,1]},{"time":0.3333,"angle":16.64,"curve":[0.25,0,0.75,1]},{"time":1,"angle":-23.27,"curve":[0.25,0,0.764,0.73]},{"time":1.3333,"angle":0}],"translate":[{"time":0,"x":0,"y":0,"curve":"stepped"},{"time":1.3333,"x":0,"y":0}],"scale":[{"time":0,"x":1,"y":1,"curve":"stepped"},{"time":1.3333,"x":1,"y":1}]},"wei_3":{"rotate":[{"time":0,"angle":-17.74,"curve":[0.25,0,0.75,1]},{"time":0.6667,"angle":15.49,"curve":[0.25,0,0.75,1]},{"time":1.3333,"angle":-17.74}],"translate":[{"time":0,"x":0,"y":0,"curve":"stepped"},{"time":1.3333,"x":0,"y":0}],"scale":[{"time":0,"x":1,"y":1,"curve":"stepped"},{"time":1.3333,"x":1,"y":1}]},"wei_4":{"rotate":[{"time":0,"angle":0,"curve":[0.274,0.29,0.75,1]},{"time":0.3333,"angle":15.33,"curve":[0.25,0,0.75,1]},{"time":1,"angle":-19.08,"curve":[0.25,0,0.764,0.73]},{"time":1.3333,"angle":0}],"translate":[{"time":0,"x":0,"y":0,"curve":"stepped"},{"time":1.3333,"x":0,"y":0}],"scale":[{"time":0,"x":1,"y":1,"curve":"stepped"},{"time":1.3333,"x":1,"y":1}]},"qian jiao_IK":{"rotate":[{"time":0,"angle":0,"curve":"stepped"},{"time":1.3333,"angle":0}],"translate":[{"time":0,"x":0,"y":0,"curve":[0.25,0,0.75,1]},{"time":0.6667,"x":0,"y":4.68,"curve":[0.25,0,0.75,1]},{"time":1.3333,"x":0,"y":0}],"scale":[{"time":0,"x":1,"y":1,"curve":"stepped"},{"time":1.3333,"x":1,"y":1}]},"qian da tui_1":{"rotate":[{"time":0,"angle":0,"curve":"stepped"},{"time":1.3333,"angle":0}],"translate":[{"time":0,"x":0,"y":0,"curve":"stepped"},{"time":1.3333,"x":0,"y":0}],"scale":[{"time":0,"x":1,"y":1,"curve":"stepped"},{"time":1.3333,"x":1,"y":1}]},"qian xiao tui_1":{"rotate":[{"time":0,"angle":0,"curve":"stepped"},{"time":1.3333,"angle":0}],"translate":[{"time":0,"x":0,"y":0,"curve":"stepped"},{"time":1.3333,"x":0,"y":0}],"scale":[{"time":0,"x":1,"y":1,"curve":"stepped"},{"time":1.3333,"x":1,"y":1}]},"qian jiao_1":{"rotate":[{"time":0,"angle":0,"curve":"stepped"},{"time":1.3333,"angle":0}],"translate":[{"time":0,"x":0,"y":0,"curve":"stepped"},{"time":1.3333,"x":0,"y":0}],"scale":[{"time":0,"x":1,"y":1,"curve":"stepped"},{"time":1.3333,"x":1,"y":1}]},"hou da tui_2":{"rotate":[{"time":0,"angle":-0.46,"curve":"stepped"},{"time":1.3333,"angle":-0.46}],"translate":[{"time":0,"x":0,"y":0,"curve":"stepped"},{"time":1.3333,"x":0,"y":0}],"scale":[{"time":0,"x":1,"y":1,"curve":"stepped"},{"time":1.3333,"x":1,"y":1}]},"hou xiao tui_2":{"rotate":[{"time":0,"angle":0.68,"curve":"stepped"},{"time":1.3333,"angle":0.68}],"translate":[{"time":0,"x":0,"y":0,"curve":"stepped"},{"time":1.3333,"x":0,"y":0}],"scale":[{"time":0,"x":1,"y":1,"curve":"stepped"},{"time":1.3333,"x":1,"y":1}]},"hou jiao_2":{"rotate":[{"time":0,"angle":0.31,"curve":"stepped"},{"time":1.3333,"angle":0.31}],"translate":[{"time":0,"x":0,"y":0,"curve":"stepped"},{"time":1.3333,"x":0,"y":0}],"scale":[{"time":0,"x":1,"y":1,"curve":"stepped"},{"time":1.3333,"x":1,"y":1}]},"hou zhua_1":{"rotate":[{"time":0,"angle":0,"curve":[0.211,0.21,0.75,1]},{"time":0.3333,"angle":8.22,"curve":[0.25,0,0.75,1]},{"time":1,"angle":-7.63,"curve":[0.25,0,0.803,0.77]},{"time":1.3333,"angle":0}],"translate":[{"time":0,"x":0,"y":0,"curve":"stepped"},{"time":1.3333,"x":0,"y":0}],"scale":[{"time":0,"x":1,"y":1,"curve":"stepped"},{"time":1.3333,"x":1,"y":1}]},"hou zhua_2":{"rotate":[{"time":0,"angle":-29.31,"curve":[0.25,0,0.75,1]},{"time":0.6667,"angle":4.33,"curve":[0.25,0,0.75,1]},{"time":1.3333,"angle":-29.31}],"translate":[{"time":0,"x":0,"y":0,"curve":"stepped"},{"time":1.3333,"x":0,"y":0}],"scale":[{"time":0,"x":1,"y":1,"curve":"stepped"},{"time":1.3333,"x":1,"y":1}]},"hou zhua_3":{"rotate":[{"time":0,"angle":0,"curve":[0.26,0.29,0.75,1]},{"time":0.3333,"angle":-34.36,"curve":[0.25,0,0.75,1]},{"time":1,"angle":11.19,"curve":[0.25,0,0.842,0.8]},{"time":1.3333,"angle":0}],"translate":[{"time":0,"x":0,"y":0,"curve":"stepped"},{"time":1.3333,"x":0,"y":0}],"scale":[{"time":0,"x":1,"y":1,"curve":"stepped"},{"time":1.3333,"x":1,"y":1}]},"tou":{"rotate":[{"time":0,"angle":0,"curve":"stepped"},{"time":1.3333,"angle":0}],"translate":[{"time":0,"x":0,"y":0,"curve":"stepped"},{"time":1.3333,"x":0,"y":0}],"scale":[{"time":0,"x":1,"y":1,"curve":"stepped"},{"time":1.3333,"x":1,"y":1}]}}}}}