{"frameRate":60,"armature":[{"defaultActions":[{"gotoAndPlay":"demaxiyazhengyi"}],"type":"Armature","frameRate":60,"skin":[{"name":"","slot":[{"display":[{"path":"garen-5-6","type":"image","name":"garen-5-6","transform":{"y":3.1838,"x":2.3894}}],"name":"Layer3"},{"display":[{"path":"garen-4-1","type":"image","name":"garen-4-1","transform":{"y":3.3333,"x":-2}}],"name":"Layer4"},{"display":[{"path":"garen-5-3","type":"image","name":"garen-5-3","transform":{"y":-59.0909,"x":12.7273}}],"name":"Layer80"},{"display":[{"path":"garen-5-2","type":"image","name":"garen-5-2","transform":{"y":-38.1819,"x":12.7273}}],"name":"Layer79"},{"display":[{"path":"garen-5-5","type":"image","name":"garen-5-5","transform":{"y":-46.3637,"x":-6.3636}}],"name":"Layer82"},{"display":[{"path":"garen-5-1","type":"image","name":"garen-5-1","transform":{"y":-20,"x":9.3333}}],"name":"Layer2"},{"display":[{"path":"garen-4-2","type":"image","name":"garen-4-2","transform":{"y":5.5,"x":11.4999}}],"name":"Layer96"},{"display":[{"path":"garen-4-3","type":"image","name":"garen-4-3","transform":{"y":-56.5,"x":-19.0001}}],"name":"Layer95"},{"display":[{"path":"garen-5-4","type":"image","name":"garen-5-4","transform":{"y":-45.4546,"x":-1.8182}}],"name":"Layer81"}]}],"aabb":{"width":354.50019999999995,"y":-127.1734,"height":164.17340000000002,"x":-94.0001},"ik":[],"animation":[{"ik":[],"frame":[],"bone":[{"frame":[{"duration":10,"tweenEasing":0,"transform":{}},{"duration":2,"tweenEasing":0,"transform":{}},{"duration":2,"tweenEasing":0,"transform":{"y":-2,"scX":2.3,"scY":2.3,"x":21.3333}},{"duration":2,"tweenEasing":0,"transform":{"y":-2,"scX":2.3,"scY":2.3,"x":21.3333}},{"duration":6,"tweenEasing":0,"transform":{"y":307.1428,"x":-795.9996}},{"duration":0,"transform":{"y":307.1428,"x":-795.9996}}],"name":"Layer81"},{"frame":[{"duration":6,"tweenEasing":0,"transform":{}},{"duration":2,"tweenEasing":0,"transform":{}},{"duration":2,"tweenEasing":0,"transform":{"y":24.6667,"scX":2,"scY":2,"x":-0.6667}},{"duration":2,"tweenEasing":0,"transform":{"y":24.6667,"scX":2,"scY":2,"x":-0.6667}},{"duration":10,"tweenEasing":0,"transform":{"y":201.8181,"x":-529.0907}},{"duration":0,"transform":{"y":201.8181,"x":-529.0907}}],"name":"Layer80"},{"frame":[{"duration":2,"tweenEasing":0,"transform":{}},{"duration":2,"tweenEasing":0,"transform":{}},{"duration":2,"tweenEasing":0,"transform":{"scX":1.5,"scY":1.5}},{"duration":2,"tweenEasing":0,"transform":{"scX":1.5,"scY":1.5}},{"duration":14,"tweenEasing":0,"transform":{"y":380.9089,"x":-387.2726}},{"duration":0,"transform":{"y":380.9089,"x":-387.2726}}],"name":"Layer79"},{"frame":[{"duration":2,"tweenEasing":0,"transform":{"y":-12,"x":0.6667}},{"duration":2,"tweenEasing":0,"transform":{"y":-12,"x":0.6667}},{"duration":18,"tweenEasing":0,"transform":{}},{"duration":0,"transform":{}}],"name":"Layer2"},{"frame":[{"duration":12,"tweenEasing":0,"transform":{}},{"duration":2,"tweenEasing":0,"transform":{}},{"duration":4,"tweenEasing":0,"transform":{"y":82,"scX":3,"scY":1.6,"x":-172.6666}},{"duration":4,"tweenEasing":0,"transform":{"y":82,"scX":3,"scY":1.6,"x":-172.6666}},{"duration":0,"transform":{"y":82,"scX":3,"scY":1.6,"x":-172.6666}}],"name":"Layer4"},{"frame":[{"duration":14,"tweenEasing":0,"transform":{}},{"duration":2,"tweenEasing":0,"transform":{}},{"duration":2,"tweenEasing":0,"transform":{"y":9.3333,"scX":2.7,"scY":2.7,"x":29.3333}},{"duration":4,"tweenEasing":0,"transform":{"y":9.3333,"scX":2.7,"scY":2.7,"x":29.3333}},{"duration":0,"transform":{"y":9.3333,"scX":2.7,"scY":2.7,"x":29.3333}}],"name":"Layer82"},{"frame":[{"duration":8,"tweenEasing":0,"transform":{}},{"duration":2,"tweenEasing":0,"transform":{}},{"duration":2,"tweenEasing":0,"transform":{"y":-0.6667,"scX":3,"scY":2.5,"x":-27.3333}},{"duration":2,"tweenEasing":0,"transform":{"y":-0.6667,"scX":3,"scY":2.5,"x":-27.3333}},{"duration":8,"tweenEasing":0,"transform":{"y":51.5714,"scX":1.6,"x":-1126.5695}},{"duration":0,"transform":{"y":51.5714,"scX":1.6,"x":-1126.5695}}],"name":"Layer96"},{"frame":[{"duration":2,"tweenEasing":0,"transform":{"y":-102,"x":-1009.9999}},{"duration":2,"tweenEasing":0,"transform":{"y":-102,"x":-1009.9999}},{"duration":4,"tweenEasing":0,"transform":{"y":78,"scX":3,"scY":2.5,"x":77}},{"duration":2,"tweenEasing":0,"transform":{"y":78,"scX":3,"scY":2.5,"x":77}},{"duration":12,"tweenEasing":0,"transform":{"y":-133.1688,"scX":1.6,"x":-1049.4805}},{"duration":0,"transform":{"y":-133.1688,"scX":1.6,"x":-1049.4805}}],"name":"Layer95"},{"frame":[{"duration":22,"transform":{}}],"name":"root"},{"frame":[{"duration":22,"transform":{}}],"name":"Layer3"}],"duration":22,"slot":[{"frame":[{"duration":10,"displayIndex":-1,"tweenEasing":0},{"duration":2,"displayIndex":-1,"tweenEasing":0},{"duration":2,"tweenEasing":0},{"duration":2,"tweenEasing":0},{"duration":6,"displayIndex":-1,"tweenEasing":0},{"duration":0,"displayIndex":-1,"tweenEasing":null}],"name":"Layer81"},{"frame":[{"duration":6,"displayIndex":-1,"tweenEasing":0},{"duration":2,"displayIndex":-1,"tweenEasing":0},{"duration":2,"tweenEasing":0},{"duration":2,"tweenEasing":0},{"duration":10,"displayIndex":-1,"tweenEasing":0},{"duration":0,"displayIndex":-1,"tweenEasing":null}],"name":"Layer80"},{"frame":[{"duration":2,"displayIndex":-1,"tweenEasing":0},{"duration":2,"displayIndex":-1,"tweenEasing":0},{"duration":2,"tweenEasing":0},{"duration":2,"tweenEasing":0},{"duration":14,"displayIndex":-1,"tweenEasing":0},{"duration":0,"displayIndex":-1,"tweenEasing":null}],"name":"Layer79"},{"frame":[{"duration":2,"tweenEasing":0},{"duration":2,"tweenEasing":0},{"duration":18,"displayIndex":-1,"tweenEasing":0},{"duration":0,"displayIndex":-1,"tweenEasing":null}],"name":"Layer2"},{"frame":[{"duration":12,"displayIndex":-1,"tweenEasing":0},{"duration":2,"displayIndex":-1,"tweenEasing":0},{"duration":4,"tweenEasing":0},{"duration":4,"tweenEasing":0,"color":{"aM":57}},{"duration":0,"tweenEasing":null,"color":{"aM":0}}],"name":"Layer4"},{"frame":[{"duration":14,"displayIndex":-1,"tweenEasing":0},{"duration":2,"displayIndex":-1,"tweenEasing":0},{"duration":2,"tweenEasing":0},{"duration":4,"tweenEasing":0},{"duration":0,"tweenEasing":null,"color":{"aM":39}}],"name":"Layer82"},{"frame":[{"duration":8,"displayIndex":-1,"tweenEasing":0},{"duration":2,"displayIndex":-1,"tweenEasing":0},{"duration":2,"tweenEasing":0},{"duration":2,"tweenEasing":0},{"duration":8,"displayIndex":-1,"tweenEasing":0},{"duration":0,"displayIndex":-1,"tweenEasing":null}],"name":"Layer96"},{"frame":[{"duration":2,"displayIndex":-1,"tweenEasing":0},{"duration":2,"displayIndex":-1,"tweenEasing":0},{"duration":4,"tweenEasing":0},{"duration":2,"tweenEasing":0},{"duration":12,"displayIndex":-1,"tweenEasing":0},{"duration":0,"displayIndex":-1,"tweenEasing":null}],"name":"Layer95"},{"frame":[{"duration":22,"displayIndex":-1,"tweenEasing":null}],"name":"Layer3"}],"name":"demaxiyazhengyi","ffd":[]},{"ik":[],"frame":[],"bone":[{"frame":[{"duration":0,"transform":{"y":43.1764,"x":-114.7059}}],"name":"Layer3"},{"frame":[{"duration":0,"transform":{}}],"name":"root"},{"frame":[{"duration":0,"transform":{}}],"name":"Layer2"},{"frame":[{"duration":0,"transform":{}}],"name":"Layer96"},{"frame":[{"duration":0,"transform":{}}],"name":"Layer82"},{"frame":[{"duration":0,"transform":{}}],"name":"Layer4"},{"frame":[{"duration":0,"transform":{}}],"name":"Layer95"},{"frame":[{"duration":0,"transform":{}}],"name":"Layer79"},{"frame":[{"duration":0,"transform":{}}],"name":"Layer80"},{"frame":[{"duration":0,"transform":{}}],"name":"Layer81"}],"duration":0,"slot":[{"frame":[{"duration":0,"tweenEasing":null}],"name":"Layer3"},{"frame":[{"duration":0,"displayIndex":-1,"tweenEasing":null}],"name":"Layer95"},{"frame":[{"duration":0,"displayIndex":-1,"tweenEasing":null}],"name":"Layer96"},{"frame":[{"duration":0,"displayIndex":-1,"tweenEasing":null}],"name":"Layer82"},{"frame":[{"duration":0,"displayIndex":-1,"tweenEasing":null}],"name":"Layer4"},{"frame":[{"duration":0,"displayIndex":-1,"tweenEasing":null}],"name":"Layer2"},{"frame":[{"duration":0,"displayIndex":-1,"tweenEasing":null}],"name":"Layer79"},{"frame":[{"duration":0,"displayIndex":-1,"tweenEasing":null}],"name":"Layer80"},{"frame":[{"duration":0,"displayIndex":-1,"tweenEasing":null}],"name":"Layer81"}],"name":"demaxiyazhengyi2","ffd":[]}],"slot":[{"color":{},"name":"Layer95","parent":"Layer95"},{"z":1,"color":{},"name":"Layer96","parent":"Layer96"},{"z":2,"color":{},"name":"Layer82","parent":"Layer82"},{"z":3,"color":{},"name":"Layer4","parent":"Layer4"},{"z":4,"color":{},"name":"Layer2","parent":"Layer2"},{"z":5,"color":{},"name":"Layer79","parent":"Layer79"},{"z":6,"color":{},"name":"Layer80","parent":"Layer80"},{"z":7,"color":{},"name":"Layer3","parent":"Layer3"},{"z":8,"color":{},"name":"Layer81","parent":"Layer81"}],"bone":[{"name":"root","transform":{}},{"inheritScale":false,"transform":{},"name":"Layer2","parent":"root"},{"inheritScale":false,"transform":{},"name":"Layer96","parent":"root"},{"inheritScale":false,"transform":{},"name":"Layer82","parent":"root"},{"inheritScale":false,"transform":{"y":-72.4489,"x":189.0001},"name":"Layer4","parent":"root"},{"inheritScale":false,"transform":{},"name":"Layer95","parent":"root"},{"inheritScale":false,"transform":{},"name":"Layer79","parent":"root"},{"inheritScale":false,"transform":{},"name":"Layer80","parent":"root"},{"inheritScale":false,"transform":{"y":-108.3572,"x":113.7773},"name":"Layer3","parent":"root"},{"inheritScale":false,"transform":{},"name":"Layer81","parent":"root"}],"name":"armatureName"}],"isGlobal":0,"name":"10005","version":"5.0"}