{"width":256,"height":512,"name":"20000","imagePath":"20000_tex.png","SubTexture":[{"width":14,"y":36,"height":12,"name":"mon0006_shitou1","x":241},{"width":59,"y":292,"height":45,"name":"mon0006_houxiabai","x":64},{"width":17,"y":1,"height":17,"name":"mon0006_youbi","x":223},{"width":61,"y":292,"height":46,"name":"mon0006_fazhang","x":1},{"width":18,"y":50,"height":9,"name":"mon0006_shitou2","x":223},{"width":26,"y":224,"height":41,"name":"mon0006_youxiabai","x":93},{"width":42,"y":339,"height":40,"name":"mon0006_zuoxiabai","x":64},{"width":90,"y":224,"height":66,"name":"mon0006_tou","x":1},{"width":31,"y":267,"height":15,"name":"mon0006_tou1","x":93},{"width":44,"y":340,"height":28,"name":"mon0006_xiong","x":1},{"width":18,"y":20,"height":14,"name":"mon0006_shitou3","x":223},{"width":19,"y":81,"height":19,"name":"mon0006_zuobi","x":220},{"width":23,"y":81,"height":25,"name":"mon0006_zuoshou","x":195},{"width":79,"y":1,"height":78,"name":"mon0006_guangyun1","x":142},{"width":46,"y":333,"height":54,"name":"mon0006_shoushang2","x":125},{"width":51,"y":81,"height":22,"name":"mon0006_tou2","x":142},{"width":139,"y":1,"height":105,"name":"mon0006-2-1","x":1},{"width":126,"y":108,"height":109,"name":"mon0006-2-2","x":126},{"width":123,"y":108,"height":114,"name":"mon0006-2-3","x":1},{"width":118,"y":219,"height":112,"name":"mon0006-2-4","x":126}]}