{"frameRate":60,"armature":[{"slot":[{"color":{},"name":"Layer37","parent":"Layer37"},{"z":1,"color":{},"name":"Layer28","parent":"Layer28"},{"z":2,"color":{},"name":"Layer34","parent":"Layer34"},{"z":3,"color":{},"name":"Layer33","parent":"Layer33"},{"z":4,"color":{},"name":"Layer35","parent":"Layer35"},{"z":5,"color":{},"name":"Layer30","parent":"Layer30"},{"z":6,"color":{},"name":"Layer29","parent":"Layer29"},{"z":7,"color":{},"name":"Layer24","parent":"Layer24"},{"z":8,"color":{},"name":"Layer2","parent":"Layer2"},{"z":9,"color":{},"name":"Layer53","parent":"Layer53"},{"z":10,"color":{},"name":"Layer36","parent":"Layer36"},{"z":11,"color":{},"name":"Layer31","parent":"Layer31"},{"z":12,"color":{},"name":"Layer32","parent":"Layer32"},{"z":13,"color":{},"name":"Layer6","parent":"Layer6"},{"z":14,"color":{},"name":"Layer16","parent":"Layer16"},{"z":15,"color":{},"name":"Layer39","parent":"Layer39"},{"z":16,"color":{},"name":"Layer4","parent":"Layer4"},{"z":17,"color":{},"name":"Layer9","parent":"Layer9"},{"z":18,"color":{},"displayIndex":-1,"name":"dst1","parent":"dst1"},{"z":19,"color":{},"displayIndex":-1,"name":"dst2","parent":"dst2"},{"z":20,"color":{},"displayIndex":-1,"name":"dst3","parent":"dst3"},{"z":21,"color":{},"displayIndex":-1,"name":"dst4","parent":"dst4"},{"z":22,"color":{},"name":"Layer54","parent":"Layer54"},{"z":23,"color":{},"name":"Layer55","parent":"Layer55"},{"z":24,"color":{},"name":"Layer56","parent":"Layer56"},{"z":25,"color":{},"name":"Layer57","parent":"Layer57"}],"bone":[{"name":"root","transform":{}},{"length":28,"transform":{"skX":-81.0604,"y":-61.331,"skY":-81.0604,"x":-2.0363},"parent":"root","name":"Layer53","inheritScale":false},{"inheritScale":false,"transform":{},"name":"Layer55","parent":"root"},{"inheritScale":false,"transform":{"y":-151.7128,"x":2.4062},"name":"dst3","parent":"root"},{"inheritScale":false,"transform":{"y":-92.6481,"x":-7.3944},"name":"dst1","parent":"root"},{"inheritScale":false,"transform":{},"name":"Layer56","parent":"root"},{"inheritScale":false,"transform":{"y":-61.787,"x":-7.3944},"name":"dst2","parent":"root"},{"inheritScale":false,"transform":{"y":-28.4478,"x":-0.6576},"name":"Layer16","parent":"root"},{"inheritScale":false,"transform":{},"name":"Layer54","parent":"root"},{"inheritScale":false,"transform":{"y":-16.3029,"x":0.2062},"name":"dst4","parent":"root"},{"inheritScale":false,"transform":{},"name":"Layer57","parent":"root"},{"length":75,"transform":{"skX":-0.8095,"y":0.0949,"skY":-0.8095,"x":15.8895},"parent":"Layer53","name":"Layer24","inheritScale":false},{"length":29,"transform":{"skX":123.4967,"y":15.2034,"skY":123.4967,"x":10.8206},"parent":"Layer53","name":"Layer31","inheritScale":false},{"length":46,"transform":{"skX":149.6898,"y":5.8791,"skY":149.6898,"x":-1.2181},"parent":"Layer53","name":"Layer29","inheritScale":false},{"length":41,"transform":{"skX":-164.2837,"y":-7.3024,"skY":-164.2837,"x":-2.7116},"parent":"Layer53","name":"Layer30","inheritScale":false},{"length":31,"transform":{"skX":-145.5307,"y":-7.6377,"skY":-145.5307,"x":6.1615},"parent":"Layer53","name":"Layer34","inheritScale":false},{"length":52,"transform":{"skX":166.9258,"y":2.3551,"skY":166.9258,"x":2.5745},"parent":"Layer53","name":"Layer28","inheritScale":false},{"inheritScale":false,"transform":{"skX":81.8699,"y":-4.8027,"skY":81.8699,"scX":0.7,"scY":0.7,"x":3.9434},"name":"Layer39","parent":"Layer24"},{"inheritScale":false,"transform":{"skX":81.8699,"y":-4.6887,"skY":81.8699,"x":4.5429},"name":"Layer2","parent":"Layer24"},{"length":24,"transform":{"skX":5.6768,"y":0.3944,"skY":5.6768,"x":18.091},"parent":"Layer34","name":"Layer33","inheritScale":false},{"length":30,"transform":{"skX":16.1908,"y":0.1838,"skY":16.1908,"x":16.7804},"parent":"Layer31","name":"Layer32","inheritScale":false},{"length":27,"transform":{"skX":77.5215,"y":39.0625,"skY":77.5215,"x":-1.9907},"parent":"Layer33","name":"Layer37","inheritScale":false},{"length":36,"transform":{"skX":76.2256,"y":58.124,"skY":76.2256,"x":27.4181},"parent":"Layer33","name":"Layer36","inheritScale":false},{"length":25,"transform":{"skX":56.6656,"y":25.0837,"skY":56.6656,"x":43.439},"parent":"Layer33","name":"Layer35","inheritScale":false},{"inheritScale":false,"transform":{"skX":83.0266,"y":-0.3546,"skY":83.0266,"scX":0.5,"scY":0.7,"x":5.1623},"name":"Layer9","parent":"Layer35"},{"inheritScale":false,"transform":{"skX":83.8113,"y":-0.5465,"skY":83.8113,"scX":0.5,"scY":0.7,"x":9.2229},"name":"Layer4","parent":"Layer36"},{"inheritScale":false,"transform":{"skX":91.3514,"y":0.3402,"skY":91.3514,"scX":0.5,"scY":0.7,"x":5.9121},"name":"Layer6","parent":"Layer37"}],"frameRate":60,"aabb":{"width":196.55439358679197,"y":-136.48490752028454,"height":193.48490752028454,"x":-127.05439358679197},"ik":[],"animation":[{"duration":60,"frame":[],"slot":[{"frame":[{"duration":30,"tweenEasing":0},{"duration":30,"tweenEasing":0,"color":{"aM":39}},{"duration":0,"tweenEasing":null}],"name":"Layer9"},{"frame":[{"duration":30,"tweenEasing":0},{"duration":30,"tweenEasing":0,"color":{"aM":39}},{"duration":0,"tweenEasing":null}],"name":"Layer4"},{"frame":[{"duration":30,"tweenEasing":0},{"duration":30,"tweenEasing":0,"color":{"aM":39}},{"duration":0,"tweenEasing":null}],"name":"Layer6"},{"frame":[{"duration":20,"tweenEasing":0},{"duration":24,"tweenEasing":0},{"duration":16,"tweenEasing":0},{"duration":0,"tweenEasing":null}],"name":"Layer32"},{"frame":[{"duration":22,"tweenEasing":0},{"duration":22,"tweenEasing":0},{"duration":16,"tweenEasing":0},{"duration":0,"tweenEasing":null}],"name":"Layer31"},{"frame":[{"duration":20,"tweenEasing":0},{"duration":22,"tweenEasing":0},{"duration":18,"tweenEasing":0},{"duration":0,"tweenEasing":null}],"name":"Layer36"},{"frame":[{"duration":20,"tweenEasing":0},{"duration":22,"tweenEasing":0},{"duration":18,"tweenEasing":0},{"duration":0,"tweenEasing":null}],"name":"Layer53"},{"frame":[{"duration":30,"tweenEasing":0},{"duration":30,"tweenEasing":0,"color":{"aM":57}},{"duration":0,"tweenEasing":null}],"name":"Layer2"},{"frame":[{"duration":20,"tweenEasing":0},{"duration":22,"tweenEasing":0},{"duration":18,"tweenEasing":0},{"duration":0,"tweenEasing":null}],"name":"Layer24"},{"frame":[{"duration":20,"tweenEasing":0},{"duration":22,"tweenEasing":0},{"duration":18,"tweenEasing":0},{"duration":0,"tweenEasing":null}],"name":"Layer29"},{"frame":[{"duration":20,"tweenEasing":0},{"duration":22,"tweenEasing":0},{"duration":18,"tweenEasing":0},{"duration":0,"tweenEasing":null}],"name":"Layer30"},{"frame":[{"duration":20,"tweenEasing":0},{"duration":22,"tweenEasing":0},{"duration":18,"tweenEasing":0},{"duration":0,"tweenEasing":null}],"name":"Layer35"},{"frame":[{"duration":26,"tweenEasing":0},{"duration":34,"tweenEasing":0},{"duration":0,"tweenEasing":null}],"name":"Layer33"},{"frame":[{"duration":26,"tweenEasing":0},{"duration":34,"tweenEasing":0},{"duration":0,"tweenEasing":null}],"name":"Layer34"},{"frame":[{"duration":20,"tweenEasing":0},{"duration":22,"tweenEasing":0},{"duration":18,"tweenEasing":0},{"duration":0,"tweenEasing":null}],"name":"Layer28"},{"frame":[{"duration":20,"tweenEasing":0},{"duration":22,"tweenEasing":0},{"duration":18,"tweenEasing":0},{"duration":0,"tweenEasing":null}],"name":"Layer37"},{"frame":[{"duration":60,"displayIndex":-1,"tweenEasing":null}],"name":"Layer16"},{"frame":[{"duration":60,"displayIndex":-1,"tweenEasing":null}],"name":"Layer39"},{"frame":[{"duration":60,"displayIndex":-1,"tweenEasing":null}],"name":"dst1"},{"frame":[{"duration":60,"displayIndex":-1,"tweenEasing":null}],"name":"dst2"},{"frame":[{"duration":60,"displayIndex":-1,"tweenEasing":null}],"name":"dst3"},{"frame":[{"duration":60,"displayIndex":-1,"tweenEasing":null}],"name":"dst4"},{"frame":[{"duration":60,"displayIndex":-1,"tweenEasing":null}],"name":"Layer54"},{"frame":[{"duration":60,"displayIndex":-1,"tweenEasing":null}],"name":"Layer55"},{"frame":[{"duration":60,"displayIndex":-1,"tweenEasing":null}],"name":"Layer56"},{"frame":[{"duration":60,"displayIndex":-1,"tweenEasing":null}],"name":"Layer57"}],"bone":[{"frame":[{"duration":30,"tweenEasing":0,"transform":{}},{"duration":30,"tweenEasing":0,"transform":{}},{"duration":0,"transform":{}}],"name":"Layer9"},{"frame":[{"duration":30,"tweenEasing":0,"transform":{}},{"duration":30,"tweenEasing":0,"transform":{}},{"duration":0,"transform":{}}],"name":"Layer4"},{"frame":[{"duration":30,"tweenEasing":0,"transform":{"y":-0.2619}},{"duration":30,"tweenEasing":0,"transform":{"y":-0.2619}},{"duration":0,"transform":{"y":-0.2619}}],"name":"Layer6"},{"frame":[{"duration":20,"tweenEasing":0,"transform":{}},{"duration":24,"tweenEasing":0,"transform":{"skX":6.75,"skY":6.75}},{"duration":16,"tweenEasing":0,"transform":{"skX":-5,"skY":-5}},{"duration":0,"transform":{}}],"name":"Layer32"},{"frame":[{"duration":22,"tweenEasing":0,"transform":{}},{"duration":22,"tweenEasing":0,"transform":{"skX":6,"skY":6}},{"duration":16,"tweenEasing":0,"transform":{"skX":-1,"skY":-1}},{"duration":0,"transform":{}}],"name":"Layer31"},{"frame":[{"duration":20,"tweenEasing":0,"transform":{}},{"duration":22,"tweenEasing":0,"transform":{"skX":-10,"skY":-10}},{"duration":18,"tweenEasing":0,"transform":{"skX":5,"skY":5}},{"duration":0,"transform":{}}],"name":"Layer36"},{"frame":[{"duration":20,"tweenEasing":0,"transform":{}},{"duration":22,"tweenEasing":0,"transform":{"skX":-2,"y":-2.2,"skY":-2}},{"duration":18,"tweenEasing":0,"transform":{"skX":1,"y":-0.8462,"skY":1}},{"duration":0,"transform":{}}],"name":"Layer53"},{"frame":[{"duration":30,"tweenEasing":0,"transform":{}},{"duration":30,"tweenEasing":0,"transform":{}},{"duration":0,"transform":{}}],"name":"Layer2"},{"frame":[{"duration":20,"tweenEasing":0,"transform":{}},{"duration":22,"tweenEasing":0,"transform":{"skX":3,"skY":3}},{"duration":18,"tweenEasing":0,"transform":{"skX":-4,"skY":-4}},{"duration":0,"transform":{}}],"name":"Layer24"},{"frame":[{"duration":20,"tweenEasing":0,"transform":{}},{"duration":22,"tweenEasing":0,"transform":{"skX":7.3995,"skY":7.3995}},{"duration":18,"tweenEasing":0,"transform":{"skX":-4.2637,"skY":-4.2637}},{"duration":0,"transform":{}}],"name":"Layer29"},{"frame":[{"duration":20,"tweenEasing":0,"transform":{}},{"duration":22,"tweenEasing":0,"transform":{"skX":-1,"skY":-1}},{"duration":18,"tweenEasing":0,"transform":{"skX":2,"skY":2}},{"duration":0,"transform":{}}],"name":"Layer30"},{"frame":[{"duration":20,"tweenEasing":0,"transform":{}},{"duration":22,"tweenEasing":0,"transform":{"skX":10,"skY":10}},{"duration":18,"tweenEasing":0,"transform":{"skX":-5,"skY":-5}},{"duration":0,"transform":{}}],"name":"Layer35"},{"frame":[{"duration":26,"tweenEasing":0,"transform":{}},{"duration":34,"tweenEasing":0,"transform":{"skX":4,"skY":4}},{"duration":0,"transform":{}}],"name":"Layer33"},{"frame":[{"duration":26,"tweenEasing":0,"transform":{}},{"duration":34,"tweenEasing":0,"transform":{"skX":-4,"skY":-4}},{"duration":0,"transform":{}}],"name":"Layer34"},{"frame":[{"duration":20,"tweenEasing":0,"transform":{}},{"duration":22,"tweenEasing":0,"transform":{"skX":2.291,"skY":2.291}},{"duration":18,"tweenEasing":0,"transform":{"skX":-2.5748,"skY":-2.5748,"scX":0.9}},{"duration":0,"transform":{}}],"name":"Layer28"},{"frame":[{"duration":20,"tweenEasing":0,"transform":{}},{"duration":22,"tweenEasing":0,"transform":{"skX":9,"skY":9}},{"duration":18,"tweenEasing":0,"transform":{"skX":-6,"skY":-6}},{"duration":0,"transform":{}}],"name":"Layer37"},{"frame":[{"duration":60,"transform":{}}],"name":"root"},{"frame":[{"duration":60,"transform":{}}],"name":"Layer55"},{"frame":[{"duration":60,"transform":{}}],"name":"dst3"},{"frame":[{"duration":60,"transform":{}}],"name":"dst1"},{"frame":[{"duration":60,"transform":{}}],"name":"Layer56"},{"frame":[{"duration":60,"transform":{}}],"name":"dst2"},{"frame":[{"duration":60,"transform":{}}],"name":"Layer16"},{"frame":[{"duration":60,"transform":{}}],"name":"Layer54"},{"frame":[{"duration":60,"transform":{}}],"name":"dst4"},{"frame":[{"duration":60,"transform":{}}],"name":"Layer57"},{"frame":[{"duration":60,"transform":{}}],"name":"Layer39"}],"ik":[],"playTimes":0,"name":"stand","ffd":[]},{"duration":40,"frame":[],"slot":[{"frame":[{"duration":10,"tweenEasing":0},{"duration":30,"tweenEasing":0,"color":{"aM":19}},{"duration":0,"tweenEasing":null}],"name":"Layer9"},{"frame":[{"duration":10,"tweenEasing":0},{"duration":30,"tweenEasing":0,"color":{"aM":19}},{"duration":0,"tweenEasing":null}],"name":"Layer4"},{"frame":[{"duration":8,"displayIndex":-1,"tweenEasing":0},{"duration":2,"displayIndex":-1,"tweenEasing":0},{"duration":18,"tweenEasing":0},{"duration":4,"tweenEasing":0},{"duration":2,"tweenEasing":0,"color":{"aM":57}},{"duration":6,"displayIndex":-1,"tweenEasing":0},{"duration":0,"displayIndex":-1,"tweenEasing":null}],"name":"Layer39"},{"frame":[{"duration":4,"displayIndex":-1,"tweenEasing":0},{"duration":2,"displayIndex":-1,"tweenEasing":0},{"duration":2,"tweenEasing":0},{"duration":2,"tweenEasing":0},{"duration":2,"tweenEasing":0},{"duration":2,"tweenEasing":0},{"duration":2,"tweenEasing":0},{"duration":6,"tweenEasing":0},{"duration":2,"tweenEasing":0,"color":{"aM":39}},{"duration":16,"displayIndex":-1,"tweenEasing":0},{"duration":0,"displayIndex":-1,"tweenEasing":null}],"name":"Layer16"},{"frame":[{"duration":10,"tweenEasing":0},{"duration":30,"tweenEasing":0,"color":{"aM":19}},{"duration":0,"tweenEasing":null}],"name":"Layer6"},{"frame":[{"duration":10,"tweenEasing":0},{"duration":4,"tweenEasing":0},{"duration":6,"tweenEasing":0},{"duration":10,"tweenEasing":0},{"duration":10,"tweenEasing":0},{"duration":0,"tweenEasing":null}],"name":"Layer32"},{"frame":[{"duration":10,"tweenEasing":0},{"duration":4,"tweenEasing":0},{"duration":6,"tweenEasing":0},{"duration":20,"tweenEasing":0},{"duration":0,"tweenEasing":null}],"name":"Layer31"},{"frame":[{"duration":10,"tweenEasing":0},{"duration":4,"tweenEasing":0},{"duration":6,"tweenEasing":0},{"duration":10,"tweenEasing":0},{"duration":10,"tweenEasing":0},{"duration":0,"tweenEasing":null}],"name":"Layer36"},{"frame":[{"duration":10,"tweenEasing":0},{"duration":10,"tweenEasing":0},{"duration":10,"tweenEasing":0},{"duration":10,"tweenEasing":0},{"duration":0,"tweenEasing":null}],"name":"Layer53"},{"frame":[{"duration":10,"tweenEasing":0},{"duration":30,"tweenEasing":0,"color":{"aM":19}},{"duration":0,"tweenEasing":null}],"name":"Layer2"},{"frame":[{"duration":10,"tweenEasing":0},{"duration":10,"tweenEasing":0},{"duration":20,"tweenEasing":0},{"duration":0,"tweenEasing":null}],"name":"Layer24"},{"frame":[{"duration":10,"tweenEasing":0},{"duration":10,"tweenEasing":0},{"duration":10,"tweenEasing":0},{"duration":10,"tweenEasing":0},{"duration":0,"tweenEasing":null}],"name":"Layer29"},{"frame":[{"duration":10,"tweenEasing":0},{"duration":10,"tweenEasing":0},{"duration":10,"tweenEasing":0},{"duration":10,"tweenEasing":0},{"duration":0,"tweenEasing":null}],"name":"Layer30"},{"frame":[{"duration":10,"tweenEasing":0},{"duration":4,"tweenEasing":0},{"duration":6,"tweenEasing":0},{"duration":10,"tweenEasing":0},{"duration":10,"tweenEasing":0},{"duration":0,"tweenEasing":null}],"name":"Layer35"},{"frame":[{"duration":10,"tweenEasing":0},{"duration":4,"tweenEasing":0},{"duration":6,"tweenEasing":0},{"duration":20,"tweenEasing":0},{"duration":0,"tweenEasing":null}],"name":"Layer33"},{"frame":[{"duration":10,"tweenEasing":0},{"duration":4,"tweenEasing":0},{"duration":6,"tweenEasing":0},{"duration":20,"tweenEasing":0},{"duration":0,"tweenEasing":null}],"name":"Layer34"},{"frame":[{"duration":10,"tweenEasing":0},{"duration":10,"tweenEasing":0},{"duration":10,"tweenEasing":0},{"duration":10,"tweenEasing":0},{"duration":0,"tweenEasing":null}],"name":"Layer28"},{"frame":[{"duration":10,"tweenEasing":0},{"duration":4,"tweenEasing":0},{"duration":6,"tweenEasing":0},{"duration":10,"tweenEasing":0},{"duration":10,"tweenEasing":0},{"duration":0,"tweenEasing":null}],"name":"Layer37"},{"frame":[{"duration":40,"displayIndex":-1,"tweenEasing":null}],"name":"dst1"},{"frame":[{"duration":40,"displayIndex":-1,"tweenEasing":null}],"name":"dst2"},{"frame":[{"duration":40,"displayIndex":-1,"tweenEasing":null}],"name":"dst3"},{"frame":[{"duration":40,"displayIndex":-1,"tweenEasing":null}],"name":"dst4"},{"frame":[{"duration":40,"displayIndex":-1,"tweenEasing":null}],"name":"Layer54"},{"frame":[{"duration":40,"displayIndex":-1,"tweenEasing":null}],"name":"Layer55"},{"frame":[{"duration":40,"displayIndex":-1,"tweenEasing":null}],"name":"Layer56"},{"frame":[{"duration":40,"displayIndex":-1,"tweenEasing":null}],"name":"Layer57"}],"bone":[{"frame":[{"duration":10,"tweenEasing":0,"transform":{}},{"duration":30,"tweenEasing":0,"transform":{}},{"duration":0,"transform":{}}],"name":"Layer9"},{"frame":[{"duration":10,"tweenEasing":0,"transform":{}},{"duration":30,"tweenEasing":0,"transform":{}},{"duration":0,"transform":{}}],"name":"Layer4"},{"frame":[{"duration":8,"tweenEasing":0,"transform":{}},{"duration":2,"tweenEasing":0,"transform":{}},{"duration":18,"tweenEasing":0,"transform":{}},{"duration":4,"tweenEasing":0,"transform":{}},{"duration":2,"tweenEasing":0,"transform":{}},{"duration":6,"tweenEasing":0,"transform":{}},{"duration":0,"transform":{}}],"name":"Layer39"},{"frame":[{"duration":4,"tweenEasing":0,"transform":{}},{"duration":2,"tweenEasing":0,"transform":{}},{"duration":2,"tweenEasing":0,"transform":{"y":-23.0163,"scX":0.4,"scY":0.4,"x":20.909}},{"duration":2,"tweenEasing":0,"transform":{"y":-23.0163,"scX":0.4,"scY":0.4,"x":20.909}},{"duration":2,"tweenEasing":0,"transform":{"y":-23.0163,"scX":0.9,"scY":0.9,"x":20.909}},{"duration":2,"tweenEasing":0,"transform":{"y":-23.0163,"scX":0.9,"scY":0.9,"x":20.909}},{"duration":2,"tweenEasing":0,"transform":{"y":-22.1644,"scX":1.4,"scY":1.3,"x":23.5842}},{"duration":6,"tweenEasing":0,"transform":{"y":-22.1644,"scX":1.4,"scY":1.3,"x":23.5842}},{"duration":2,"tweenEasing":0,"transform":{"y":-22.1644,"scX":1.4,"scY":1.3,"x":23.5842}},{"duration":16,"tweenEasing":0,"transform":{"y":-4.4688,"x":24.0625}},{"duration":0,"transform":{"y":-4.4688,"x":24.0625}}],"name":"Layer16"},{"frame":[{"duration":10,"tweenEasing":0,"transform":{}},{"duration":30,"tweenEasing":0,"transform":{}},{"duration":0,"transform":{}}],"name":"Layer6"},{"frame":[{"duration":10,"tweenEasing":0,"transform":{}},{"duration":4,"tweenEasing":0,"transform":{"skX":24.3732,"skY":24.3732}},{"duration":6,"tweenEasing":0,"transform":{"skX":6.2,"skY":6.2}},{"duration":10,"tweenEasing":0,"transform":{"skX":13,"skY":13}},{"duration":10,"tweenEasing":0,"transform":{"skX":5,"skY":5}},{"duration":0,"transform":{}}],"name":"Layer32"},{"frame":[{"duration":10,"tweenEasing":0,"transform":{}},{"duration":4,"tweenEasing":0,"transform":{"skX":73.1193,"skY":73.1193}},{"duration":6,"tweenEasing":0,"transform":{"skX":80,"skY":80}},{"duration":20,"tweenEasing":0,"transform":{"skX":37.2853,"skY":37.2853}},{"duration":0,"transform":{}}],"name":"Layer31"},{"frame":[{"duration":10,"tweenEasing":0,"transform":{}},{"duration":4,"tweenEasing":0,"transform":{"skX":-15,"y":7.2697,"skY":-15,"x":6.5828}},{"duration":6,"tweenEasing":0,"transform":{"y":4.992,"x":5.1829}},{"duration":10,"tweenEasing":0,"transform":{"skX":-19,"y":-2.233,"skY":-19,"x":0.7211}},{"duration":10,"tweenEasing":0,"transform":{"y":3.3831,"x":2.9697}},{"duration":0,"transform":{}}],"name":"Layer36"},{"frame":[{"duration":10,"tweenEasing":0,"transform":{}},{"duration":10,"tweenEasing":0,"transform":{"skX":-12,"y":-5,"skY":-12,"x":30.25}},{"duration":10,"tweenEasing":0,"transform":{"skX":4.9431,"y":-1.1,"skY":4.9431,"x":16.5}},{"duration":10,"tweenEasing":0,"transform":{"skX":-2.5285,"y":0.55,"skY":-2.5285,"x":8.25}},{"duration":0,"transform":{"y":0.5}}],"name":"Layer53"},{"frame":[{"duration":10,"tweenEasing":0,"transform":{}},{"duration":30,"tweenEasing":0,"transform":{}},{"duration":0,"transform":{}}],"name":"Layer2"},{"frame":[{"duration":10,"tweenEasing":0,"transform":{}},{"duration":10,"tweenEasing":0,"transform":{"skX":-20,"skY":-20}},{"duration":20,"tweenEasing":0,"transform":{"skX":21.6926,"skY":21.6926}},{"duration":0,"transform":{}}],"name":"Layer24"},{"frame":[{"duration":10,"tweenEasing":0,"transform":{}},{"duration":10,"tweenEasing":0,"transform":{"skX":35,"skY":35}},{"duration":10,"tweenEasing":0,"transform":{"skX":-10.2154,"skY":-10.2154}},{"duration":10,"tweenEasing":0,"transform":{"skX":-11,"skY":-11}},{"duration":0,"transform":{}}],"name":"Layer29"},{"frame":[{"duration":10,"tweenEasing":0,"transform":{}},{"duration":10,"tweenEasing":0,"transform":{"skX":30,"skY":30}},{"duration":10,"tweenEasing":0,"transform":{"skX":-18.0091,"skY":-18.0091}},{"duration":10,"tweenEasing":0,"transform":{"skX":-15.0046,"skY":-15.0046}},{"duration":0,"transform":{}}],"name":"Layer30"},{"frame":[{"duration":10,"tweenEasing":0,"transform":{}},{"duration":4,"tweenEasing":0,"transform":{"skX":10,"y":8.8998,"skY":10,"x":7.9881}},{"duration":6,"tweenEasing":0,"transform":{"y":6.6036,"x":6.2505}},{"duration":10,"tweenEasing":0,"transform":{"skX":-15,"y":-3.0895,"skY":-15,"x":0.2487}},{"duration":10,"tweenEasing":0,"transform":{"y":1.1506,"x":2.2722}},{"duration":0,"transform":{}}],"name":"Layer35"},{"frame":[{"duration":10,"tweenEasing":0,"transform":{}},{"duration":4,"tweenEasing":0,"transform":{"skX":-15.3983,"skY":-15.3983}},{"duration":6,"tweenEasing":0,"transform":{"skX":-10.1903,"skY":-10.1903}},{"duration":20,"tweenEasing":0,"transform":{"skX":-19.5078,"skY":-19.5078}},{"duration":0,"transform":{}}],"name":"Layer33"},{"frame":[{"duration":10,"tweenEasing":0,"transform":{}},{"duration":4,"tweenEasing":0,"transform":{"skX":19.0768,"skY":19.0768}},{"duration":6,"tweenEasing":0,"transform":{"skX":8.2077,"skY":8.2077}},{"duration":20,"tweenEasing":0,"transform":{"skX":6.9041,"skY":6.9041}},{"duration":0,"transform":{}}],"name":"Layer34"},{"frame":[{"duration":10,"tweenEasing":0,"transform":{}},{"duration":10,"tweenEasing":0,"transform":{"skX":35,"skY":35}},{"duration":10,"tweenEasing":0,"transform":{"skX":-0.3972,"skY":-0.3972}},{"duration":10,"tweenEasing":0,"transform":{"skX":-10,"skY":-10}},{"duration":0,"transform":{}}],"name":"Layer28"},{"frame":[{"duration":10,"tweenEasing":0,"transform":{}},{"duration":4,"tweenEasing":0,"transform":{"skX":16,"y":8.0192,"skY":16,"x":7.5447}},{"duration":6,"tweenEasing":0,"transform":{"y":5.0292,"x":5.5062}},{"duration":10,"tweenEasing":0,"transform":{"skX":-17,"y":-3.4509,"skY":-17,"x":-0.0632}},{"duration":10,"tweenEasing":0,"transform":{"y":0.3962,"x":1.3143}},{"duration":0,"transform":{"y":0.3962}}],"name":"Layer37"},{"frame":[{"duration":40,"transform":{}}],"name":"root"},{"frame":[{"duration":40,"transform":{}}],"name":"Layer55"},{"frame":[{"duration":40,"transform":{}}],"name":"dst3"},{"frame":[{"duration":40,"transform":{}}],"name":"dst1"},{"frame":[{"duration":40,"transform":{}}],"name":"Layer56"},{"frame":[{"duration":40,"transform":{}}],"name":"dst2"},{"frame":[{"duration":40,"transform":{}}],"name":"Layer54"},{"frame":[{"duration":40,"transform":{}}],"name":"dst4"},{"frame":[{"duration":40,"transform":{}}],"name":"Layer57"}],"ik":[],"name":"injured","ffd":[]},{"duration":40,"frame":[],"slot":[{"frame":[{"duration":26,"tweenEasing":0},{"duration":14,"tweenEasing":0},{"duration":0,"tweenEasing":null,"color":{"aM":0}}],"name":"Layer9"},{"frame":[{"duration":26,"tweenEasing":0},{"duration":14,"tweenEasing":0},{"duration":0,"tweenEasing":null,"color":{"aM":0}}],"name":"Layer4"},{"frame":[{"duration":26,"tweenEasing":0},{"duration":14,"tweenEasing":0},{"duration":0,"tweenEasing":null,"color":{"aM":0}}],"name":"Layer6"},{"frame":[{"duration":10,"tweenEasing":0},{"duration":6,"tweenEasing":0},{"duration":10,"tweenEasing":0},{"duration":8,"tweenEasing":0},{"duration":6,"tweenEasing":0,"color":{"aM":23}},{"duration":0,"tweenEasing":null,"color":{"aM":0}}],"name":"Layer32"},{"frame":[{"duration":10,"tweenEasing":0},{"duration":6,"tweenEasing":0},{"duration":6,"tweenEasing":0},{"duration":4,"tweenEasing":0},{"duration":8,"tweenEasing":0},{"duration":6,"tweenEasing":0,"color":{"aM":23}},{"duration":0,"tweenEasing":null,"color":{"aM":0}}],"name":"Layer31"},{"frame":[{"duration":10,"tweenEasing":0},{"duration":6,"tweenEasing":0},{"duration":6,"tweenEasing":0},{"duration":4,"tweenEasing":0},{"duration":8,"tweenEasing":0},{"duration":6,"tweenEasing":0,"color":{"aM":39}},{"duration":0,"tweenEasing":null,"color":{"aM":0}}],"name":"Layer36"},{"frame":[{"duration":6,"tweenEasing":0},{"duration":4,"tweenEasing":0},{"duration":16,"tweenEasing":0},{"duration":8,"tweenEasing":0,"color":{"aM":57}},{"duration":6,"tweenEasing":0,"color":{"aM":7}},{"duration":0,"tweenEasing":null,"color":{"aM":0}}],"name":"Layer53"},{"frame":[{"duration":40,"tweenEasing":0},{"duration":0,"tweenEasing":null,"color":{"aM":0}}],"name":"Layer2"},{"frame":[{"duration":10,"tweenEasing":0},{"duration":6,"tweenEasing":0},{"duration":6,"tweenEasing":0},{"duration":4,"tweenEasing":0},{"duration":8,"tweenEasing":0},{"duration":6,"tweenEasing":0,"color":{"aM":23}},{"duration":0,"tweenEasing":null,"color":{"aM":0}}],"name":"Layer24"},{"frame":[{"duration":10,"tweenEasing":0},{"duration":6,"tweenEasing":0},{"duration":6,"tweenEasing":0},{"duration":4,"tweenEasing":0},{"duration":8,"tweenEasing":0},{"duration":6,"tweenEasing":0,"color":{"aM":23}},{"duration":0,"tweenEasing":null,"color":{"aM":0}}],"name":"Layer29"},{"frame":[{"duration":10,"tweenEasing":0},{"duration":6,"tweenEasing":0},{"duration":6,"tweenEasing":0},{"duration":4,"tweenEasing":0},{"duration":8,"tweenEasing":0},{"duration":6,"tweenEasing":0,"color":{"aM":23}},{"duration":0,"tweenEasing":null,"color":{"aM":0}}],"name":"Layer30"},{"frame":[{"duration":10,"tweenEasing":0},{"duration":6,"tweenEasing":0},{"duration":6,"tweenEasing":0},{"duration":4,"tweenEasing":0},{"duration":8,"tweenEasing":0},{"duration":6,"tweenEasing":0,"color":{"aM":39}},{"duration":0,"tweenEasing":null,"color":{"aM":0}}],"name":"Layer35"},{"frame":[{"duration":10,"tweenEasing":0},{"duration":16,"tweenEasing":0},{"duration":8,"tweenEasing":0},{"duration":6,"tweenEasing":0,"color":{"aM":0}},{"duration":0,"tweenEasing":null,"color":{"aM":0}}],"name":"Layer33"},{"frame":[{"duration":10,"tweenEasing":0},{"duration":6,"tweenEasing":0},{"duration":10,"tweenEasing":0},{"duration":8,"tweenEasing":0},{"duration":4,"tweenEasing":0,"color":{"aM":15}},{"duration":2,"tweenEasing":0,"color":{"aM":0}},{"duration":0,"tweenEasing":null,"color":{"aM":0}}],"name":"Layer34"},{"frame":[{"duration":10,"tweenEasing":0},{"duration":6,"tweenEasing":0},{"duration":6,"tweenEasing":0},{"duration":4,"tweenEasing":0},{"duration":8,"tweenEasing":0},{"duration":4,"tweenEasing":0,"color":{"aM":23}},{"duration":2,"tweenEasing":0,"color":{"aM":0}},{"duration":0,"tweenEasing":null,"color":{"aM":0}}],"name":"Layer28"},{"frame":[{"duration":10,"tweenEasing":0},{"duration":6,"tweenEasing":0},{"duration":6,"tweenEasing":0},{"duration":4,"tweenEasing":0},{"duration":8,"tweenEasing":0},{"duration":6,"tweenEasing":0,"color":{"aM":39}},{"duration":0,"tweenEasing":null,"color":{"aM":0}}],"name":"Layer37"},{"frame":[{"duration":40,"displayIndex":-1,"tweenEasing":null}],"name":"Layer16"},{"frame":[{"duration":40,"displayIndex":-1,"tweenEasing":null}],"name":"Layer39"},{"frame":[{"duration":40,"displayIndex":-1,"tweenEasing":null}],"name":"dst1"},{"frame":[{"duration":40,"displayIndex":-1,"tweenEasing":null}],"name":"dst2"},{"frame":[{"duration":40,"displayIndex":-1,"tweenEasing":null}],"name":"dst3"},{"frame":[{"duration":40,"displayIndex":-1,"tweenEasing":null}],"name":"dst4"},{"frame":[{"duration":40,"displayIndex":-1,"tweenEasing":null}],"name":"Layer54"},{"frame":[{"duration":40,"displayIndex":-1,"tweenEasing":null}],"name":"Layer55"},{"frame":[{"duration":40,"displayIndex":-1,"tweenEasing":null}],"name":"Layer56"},{"frame":[{"duration":40,"displayIndex":-1,"tweenEasing":null}],"name":"Layer57"}],"bone":[{"frame":[{"duration":26,"tweenEasing":0,"transform":{}},{"duration":14,"tweenEasing":0,"transform":{}},{"duration":0,"transform":{}}],"name":"Layer9"},{"frame":[{"duration":26,"tweenEasing":0,"transform":{}},{"duration":14,"tweenEasing":0,"transform":{}},{"duration":0,"transform":{}}],"name":"Layer4"},{"frame":[{"duration":26,"tweenEasing":0,"transform":{}},{"duration":14,"tweenEasing":0,"transform":{}},{"duration":0,"transform":{}}],"name":"Layer6"},{"frame":[{"duration":10,"tweenEasing":0,"transform":{}},{"duration":6,"tweenEasing":0,"transform":{"skX":-39.2454,"skY":-39.2454}},{"duration":10,"tweenEasing":0,"transform":{"skX":-22.8699,"skY":-22.8699}},{"duration":8,"tweenEasing":0,"transform":{"skX":-3.4433,"skY":-3.4433}},{"duration":6,"tweenEasing":0,"transform":{"skX":5.4374,"y":3.463,"skY":5.4374,"scX":0.7714,"scY":0.7714,"x":4.5901}},{"duration":0,"transform":{"skX":12.0979,"y":6.0602,"skY":12.0979,"scX":0.6,"scY":0.6,"x":8.0327}}],"name":"Layer32"},{"frame":[{"duration":10,"tweenEasing":0,"transform":{}},{"duration":6,"tweenEasing":0,"transform":{"skX":-24.6868,"skY":-24.6868}},{"duration":6,"tweenEasing":0,"transform":{"skX":-42.4691,"y":17.2352,"skY":-42.4691,"x":0.936}},{"duration":4,"tweenEasing":0,"transform":{"skX":-48.0919,"y":27.6779,"skY":-48.0919,"x":3.537}},{"duration":8,"tweenEasing":0,"transform":{"skX":-51.8405,"y":38.0325,"skY":-51.8405,"x":5.5134}},{"duration":6,"tweenEasing":0,"transform":{"skX":-56.1245,"y":44.4244,"skY":-56.1245,"x":7.0535}},{"duration":0,"transform":{"skX":-59.3375,"y":40.6974,"skY":-59.3375,"x":8.5277}}],"name":"Layer31"},{"frame":[{"duration":10,"tweenEasing":0,"transform":{}},{"duration":6,"tweenEasing":0,"transform":{"skX":-4,"skY":-4}},{"duration":6,"tweenEasing":0,"transform":{"skX":-74.2364,"y":-130.9412,"skY":-74.2364,"x":8.8288}},{"duration":4,"tweenEasing":0,"transform":{"skX":-74.2364,"y":-124.0993,"skY":-74.2364,"x":9.5024}},{"duration":8,"tweenEasing":0,"transform":{"skX":-83.0861,"y":-131.3454,"skY":-83.0861,"x":12.9339}},{"duration":6,"tweenEasing":0,"transform":{"skX":-84.222,"y":-125.7605,"skY":-84.222,"x":13.4877}},{"duration":0,"transform":{"skX":-85.0739,"y":-121.5719,"skY":-85.0739,"x":13.903}}],"name":"Layer36"},{"frame":[{"duration":6,"tweenEasing":0,"transform":{}},{"duration":4,"tweenEasing":0,"transform":{"skX":1.7169,"y":-2.2,"skY":1.7169,"x":-4.4}},{"duration":16,"tweenEasing":0,"transform":{"skX":6.4339,"skY":6.4339,"x":13.2}},{"duration":8,"tweenEasing":0,"transform":{"skX":6.4339,"y":5.8235,"skY":6.4339,"x":12.8585}},{"duration":6,"tweenEasing":0,"transform":{"skX":6.4339,"y":7.2101,"skY":6.4339,"x":13.3155}},{"duration":0,"transform":{"skX":6.4339,"y":8.25,"skY":6.4339,"x":13.6583}}],"name":"Layer53"},{"frame":[{"duration":40,"tweenEasing":0,"transform":{}},{"duration":0,"transform":{}}],"name":"Layer2"},{"frame":[{"duration":10,"tweenEasing":0,"transform":{}},{"duration":6,"tweenEasing":0,"transform":{"skX":20,"skY":20}},{"duration":6,"tweenEasing":0,"transform":{"skX":25.3146,"y":17.2352,"skY":25.3146,"x":0.936}},{"duration":4,"tweenEasing":0,"transform":{"skX":23.9352,"y":27.6779,"skY":23.9352,"x":3.537}},{"duration":8,"tweenEasing":0,"transform":{"skX":23.3554,"y":45.0359,"skY":23.3554,"x":8.11}},{"duration":6,"tweenEasing":0,"transform":{"skX":26.3751,"y":54.9552,"skY":26.3751,"scX":0.7714,"scY":0.7714,"x":13.8011}},{"duration":0,"transform":{"skX":31.2385,"y":59.1263,"skY":31.2385,"scX":0.6,"scY":0.6,"x":20.3359}}],"name":"Layer24"},{"frame":[{"duration":10,"tweenEasing":0,"transform":{}},{"duration":6,"tweenEasing":0,"transform":{"skX":-15,"skY":-15}},{"duration":6,"tweenEasing":0,"transform":{"skX":-31.2034,"y":17.2352,"skY":-31.2034,"x":0.936}},{"duration":4,"tweenEasing":0,"transform":{"skX":-35.8231,"y":27.6779,"skY":-35.8231,"x":3.537}},{"duration":8,"tweenEasing":0,"transform":{"skX":-38.9029,"y":38.0325,"skY":-38.9029,"x":5.5134}},{"duration":6,"tweenEasing":0,"transform":{"skX":-42.4227,"y":67.9169,"skY":-42.4227,"x":-5.9135}},{"duration":0,"transform":{"skX":-45.0626,"y":85.9856,"skY":-45.0626,"x":-13.184}}],"name":"Layer29"},{"frame":[{"duration":10,"tweenEasing":0,"transform":{}},{"duration":6,"tweenEasing":0,"transform":{"skX":1.1588,"skY":1.1588}},{"duration":6,"tweenEasing":0,"transform":{"skX":39.6866,"y":17.2352,"skY":39.6866,"x":0.936}},{"duration":4,"tweenEasing":0,"transform":{"skX":30.7462,"y":27.6779,"skY":30.7462,"x":3.537}},{"duration":8,"tweenEasing":0,"transform":{"skX":24.7859,"y":40.403,"skY":24.7859,"x":-1.8877}},{"duration":6,"tweenEasing":0,"transform":{"skX":15.6885,"y":57.0372,"skY":15.6885,"scY":0.8857,"x":-12.9705}},{"duration":0,"transform":{"skX":8.8655,"y":69.3154,"skY":8.8655,"scY":0.8,"x":-15.2357}}],"name":"Layer30"},{"frame":[{"duration":10,"tweenEasing":0,"transform":{}},{"duration":6,"tweenEasing":0,"transform":{"skX":-5,"skY":-5}},{"duration":6,"tweenEasing":0,"transform":{"skX":-58.1592,"y":-97.792,"skY":-58.1592,"x":-10.3533}},{"duration":4,"tweenEasing":0,"transform":{"skX":-58.1592,"y":-79.7786,"skY":-58.1592,"x":-10.8826}},{"duration":8,"tweenEasing":0,"transform":{"skX":-63.6074,"y":-96.0644,"skY":-63.6074,"x":-13.8676}},{"duration":6,"tweenEasing":0,"transform":{"skX":-61.5651,"y":-90.4796,"skY":-61.5651,"x":-13.3139}},{"duration":0,"transform":{"skX":-60.0334,"y":-86.2909,"skY":-60.0334,"x":-12.8986}}],"name":"Layer35"},{"frame":[{"duration":10,"tweenEasing":0,"transform":{}},{"duration":16,"tweenEasing":0,"transform":{"skX":-3.0396,"skY":-3.0396}},{"duration":8,"tweenEasing":0,"transform":{"skX":-3.0132,"y":16.7164,"skY":-3.0132,"x":2.4917}},{"duration":6,"tweenEasing":0,"transform":{"skX":-3.0057,"y":17.9992,"skY":-3.0057,"x":2.7438}},{"duration":0,"transform":{"skX":-3,"y":18.9612,"skY":-3,"x":2.9328}}],"name":"Layer33"},{"frame":[{"duration":10,"tweenEasing":0,"transform":{}},{"duration":6,"tweenEasing":0,"transform":{"skX":19.9034,"skY":19.9034}},{"duration":10,"tweenEasing":0,"transform":{"skX":43.143,"skY":43.143}},{"duration":8,"tweenEasing":0,"transform":{"skX":43.143,"y":5.4976,"skY":43.143,"x":-10.2322}},{"duration":4,"tweenEasing":0,"transform":{"skX":43.143,"y":6.4822,"skY":43.143,"x":-15.9052}},{"duration":2,"tweenEasing":0,"transform":{"skX":43.143,"y":6.9745,"skY":43.143,"x":-18.7418}},{"duration":0,"transform":{"skX":43.143,"y":7.2206,"skY":43.143,"x":-20.16}}],"name":"Layer34"},{"frame":[{"duration":10,"tweenEasing":0,"transform":{}},{"duration":6,"tweenEasing":0,"transform":{"skX":-4.4388,"skY":-4.4388}},{"duration":6,"tweenEasing":0,"transform":{"skX":1.146,"y":17.2352,"skY":1.146,"scX":0.5,"x":0.936}},{"duration":4,"tweenEasing":0,"transform":{"skX":1.1499,"y":27.6779,"skY":1.1499,"scX":0.5,"x":3.537}},{"duration":8,"tweenEasing":0,"transform":{"skX":1.1526,"y":38.0325,"skY":1.1526,"scX":0.5,"x":5.5134}},{"duration":4,"tweenEasing":0,"transform":{"skX":1.1556,"y":53.4258,"skY":1.1556,"scX":0.5,"scY":0.7714,"x":4.491}},{"duration":2,"tweenEasing":0,"transform":{"skX":1.1571,"y":53.3622,"skY":1.1571,"scX":0.5,"scY":0.6571,"x":3.6208}},{"duration":0,"transform":{"skX":1.1578,"y":56.4499,"skY":1.1578,"scX":0.5,"scY":0.6,"x":4.0434}}],"name":"Layer28"},{"frame":[{"duration":10,"tweenEasing":0,"transform":{}},{"duration":6,"tweenEasing":0,"transform":{"skX":-3,"skY":-3}},{"duration":6,"tweenEasing":0,"transform":{"skX":-43.8475,"y":-109.275,"skY":-43.8475,"x":4.9353}},{"duration":4,"tweenEasing":0,"transform":{"skX":-43.8475,"y":-100.6535,"skY":-43.8475,"x":6.2447}},{"duration":8,"tweenEasing":0,"transform":{"skX":-80.7302,"y":-108.9607,"skY":-80.7302,"x":1.7424}},{"duration":6,"tweenEasing":0,"transform":{"skX":-82.7487,"y":-103.3758,"skY":-82.7487,"x":2.2962}},{"duration":0,"transform":{"skX":-84.2625,"y":-99.1872,"skY":-84.2625,"x":2.7115}}],"name":"Layer37"},{"frame":[{"duration":40,"transform":{}}],"name":"root"},{"frame":[{"duration":40,"transform":{}}],"name":"Layer55"},{"frame":[{"duration":40,"transform":{}}],"name":"dst3"},{"frame":[{"duration":40,"transform":{}}],"name":"dst1"},{"frame":[{"duration":40,"transform":{}}],"name":"Layer56"},{"frame":[{"duration":40,"transform":{}}],"name":"dst2"},{"frame":[{"duration":40,"transform":{}}],"name":"Layer16"},{"frame":[{"duration":40,"transform":{}}],"name":"Layer54"},{"frame":[{"duration":40,"transform":{}}],"name":"dst4"},{"frame":[{"duration":40,"transform":{}}],"name":"Layer57"},{"frame":[{"duration":40,"transform":{}}],"name":"Layer39"}],"ik":[],"name":"death","ffd":[]},{"duration":50,"frame":[],"slot":[{"frame":[{"duration":50,"tweenEasing":0},{"duration":0,"tweenEasing":null}],"name":"Layer9"},{"frame":[{"duration":50,"tweenEasing":0},{"duration":0,"tweenEasing":null}],"name":"Layer4"},{"frame":[{"duration":10,"tweenEasing":0},{"duration":6,"tweenEasing":0},{"duration":4,"tweenEasing":0,"color":{"aM":39}},{"duration":30,"tweenEasing":0},{"duration":0,"tweenEasing":null}],"name":"Layer6"},{"frame":[{"duration":16,"tweenEasing":0},{"duration":4,"tweenEasing":0},{"duration":8,"tweenEasing":0},{"duration":8,"tweenEasing":0},{"duration":14,"tweenEasing":0},{"duration":0,"tweenEasing":null}],"name":"Layer32"},{"frame":[{"duration":16,"tweenEasing":0},{"duration":4,"tweenEasing":0},{"duration":16,"tweenEasing":0},{"duration":14,"tweenEasing":0},{"duration":0,"tweenEasing":null}],"name":"Layer31"},{"frame":[{"duration":20,"tweenEasing":0},{"duration":2,"tweenEasing":0},{"duration":2,"tweenEasing":0},{"duration":2,"tweenEasing":0},{"duration":2,"tweenEasing":0},{"duration":2,"tweenEasing":0},{"duration":2,"tweenEasing":0},{"duration":4,"tweenEasing":0},{"duration":14,"tweenEasing":0},{"duration":0,"tweenEasing":null}],"name":"Layer36"},{"frame":[{"duration":16,"tweenEasing":0},{"duration":4,"tweenEasing":0},{"duration":16,"tweenEasing":0},{"duration":14,"tweenEasing":0},{"duration":0,"tweenEasing":null}],"name":"Layer53"},{"frame":[{"duration":16,"tweenEasing":0},{"duration":4,"tweenEasing":0,"color":{"aM":57}},{"duration":16,"tweenEasing":0},{"duration":14,"tweenEasing":0,"color":{"aM":39}},{"duration":0,"tweenEasing":null}],"name":"Layer2"},{"frame":[{"duration":16,"tweenEasing":0},{"duration":4,"tweenEasing":0},{"duration":16,"tweenEasing":0},{"duration":14,"tweenEasing":0},{"duration":0,"tweenEasing":null}],"name":"Layer24"},{"frame":[{"duration":16,"tweenEasing":0},{"duration":4,"tweenEasing":0},{"duration":2,"tweenEasing":0},{"duration":2,"tweenEasing":0},{"duration":2,"tweenEasing":0},{"duration":2,"tweenEasing":0},{"duration":2,"tweenEasing":0},{"duration":2,"tweenEasing":0},{"duration":2,"tweenEasing":0},{"duration":2,"tweenEasing":0},{"duration":14,"tweenEasing":0},{"duration":0,"tweenEasing":null}],"name":"Layer29"},{"frame":[{"duration":16,"tweenEasing":0},{"duration":4,"tweenEasing":0},{"duration":2,"tweenEasing":0},{"duration":2,"tweenEasing":0},{"duration":2,"tweenEasing":0},{"duration":2,"tweenEasing":0},{"duration":2,"tweenEasing":0},{"duration":2,"tweenEasing":0},{"duration":2,"tweenEasing":0},{"duration":2,"tweenEasing":0},{"duration":14,"tweenEasing":0},{"duration":0,"tweenEasing":null}],"name":"Layer30"},{"frame":[{"duration":20,"tweenEasing":0},{"duration":2,"tweenEasing":0},{"duration":2,"tweenEasing":0},{"duration":2,"tweenEasing":0},{"duration":2,"tweenEasing":0},{"duration":2,"tweenEasing":0},{"duration":2,"tweenEasing":0},{"duration":4,"tweenEasing":0},{"duration":14,"tweenEasing":0},{"duration":0,"tweenEasing":null}],"name":"Layer35"},{"frame":[{"duration":16,"tweenEasing":0},{"duration":4,"tweenEasing":0},{"duration":2,"tweenEasing":0},{"duration":2,"tweenEasing":0},{"duration":2,"tweenEasing":0},{"duration":2,"tweenEasing":0},{"duration":2,"tweenEasing":0},{"duration":2,"tweenEasing":0},{"duration":2,"tweenEasing":0},{"duration":2,"tweenEasing":0},{"duration":14,"tweenEasing":0},{"duration":0,"tweenEasing":null}],"name":"Layer33"},{"frame":[{"duration":16,"tweenEasing":0},{"duration":4,"tweenEasing":0},{"duration":16,"tweenEasing":0},{"duration":14,"tweenEasing":0},{"duration":0,"tweenEasing":null}],"name":"Layer34"},{"frame":[{"duration":16,"tweenEasing":0},{"duration":4,"tweenEasing":0},{"duration":16,"tweenEasing":0},{"duration":14,"tweenEasing":0},{"duration":0,"tweenEasing":null}],"name":"Layer28"},{"frame":[{"duration":20,"tweenEasing":0},{"duration":2,"tweenEasing":0},{"duration":2,"tweenEasing":0},{"duration":2,"tweenEasing":0},{"duration":2,"tweenEasing":0},{"duration":2,"tweenEasing":0},{"duration":2,"tweenEasing":0},{"duration":4,"tweenEasing":0},{"duration":14,"tweenEasing":0},{"duration":0,"tweenEasing":null}],"name":"Layer37"},{"frame":[{"duration":50,"displayIndex":-1,"tweenEasing":null}],"name":"Layer16"},{"frame":[{"duration":50,"displayIndex":-1,"tweenEasing":null}],"name":"Layer39"},{"frame":[{"duration":50,"displayIndex":-1,"tweenEasing":null}],"name":"dst1"},{"frame":[{"duration":50,"displayIndex":-1,"tweenEasing":null}],"name":"dst2"},{"frame":[{"duration":50,"displayIndex":-1,"tweenEasing":null}],"name":"dst3"},{"frame":[{"duration":50,"displayIndex":-1,"tweenEasing":null}],"name":"dst4"},{"frame":[{"duration":50,"displayIndex":-1,"tweenEasing":null}],"name":"Layer54"},{"frame":[{"duration":50,"displayIndex":-1,"tweenEasing":null}],"name":"Layer55"},{"frame":[{"duration":50,"displayIndex":-1,"tweenEasing":null}],"name":"Layer56"},{"frame":[{"duration":50,"displayIndex":-1,"tweenEasing":null}],"name":"Layer57"}],"bone":[{"frame":[{"duration":50,"tweenEasing":0,"transform":{}},{"duration":0,"transform":{}}],"name":"Layer9"},{"frame":[{"duration":50,"tweenEasing":0,"transform":{}},{"duration":0,"transform":{}}],"name":"Layer4"},{"frame":[{"duration":10,"tweenEasing":0,"transform":{}},{"duration":6,"tweenEasing":0,"transform":{}},{"duration":4,"tweenEasing":0,"transform":{}},{"duration":30,"tweenEasing":0,"transform":{}},{"duration":0,"transform":{}}],"name":"Layer6"},{"frame":[{"duration":16,"tweenEasing":0,"transform":{}},{"duration":4,"tweenEasing":0,"transform":{"skX":45.4918,"skY":45.4918}},{"duration":8,"tweenEasing":0,"transform":{"skX":31.7282,"skY":31.7282}},{"duration":8,"tweenEasing":0,"transform":{"skX":29.7282,"skY":29.7282}},{"duration":14,"tweenEasing":0,"transform":{"skX":31.7282,"skY":31.7282}},{"duration":0,"transform":{}}],"name":"Layer32"},{"frame":[{"duration":16,"tweenEasing":0,"transform":{}},{"duration":4,"tweenEasing":0,"transform":{"skX":19.7541,"skY":19.7541}},{"duration":16,"tweenEasing":0,"transform":{"skX":-34.6642,"skY":-34.6642}},{"duration":14,"tweenEasing":0,"transform":{"skX":-34.6642,"skY":-34.6642}},{"duration":0,"transform":{}}],"name":"Layer31"},{"frame":[{"duration":20,"tweenEasing":0,"transform":{}},{"duration":2,"tweenEasing":0,"transform":{"y":0.1059,"scY":0.7,"x":-0.5454}},{"duration":2,"tweenEasing":0,"transform":{"y":-1.45,"scY":0.7375,"x":1.6315}},{"duration":2,"tweenEasing":0,"transform":{"y":0.868,"scY":0.775,"x":-1.6247}},{"duration":2,"tweenEasing":0,"transform":{"y":-1.4059,"scY":0.8125,"x":0.6386}},{"duration":2,"tweenEasing":0,"transform":{"y":0.8962,"scY":0.85,"x":-0.4075}},{"duration":2,"tweenEasing":0,"transform":{"y":-0.6761,"scY":0.8875,"x":0.545}},{"duration":4,"tweenEasing":0,"transform":{"y":0.3625,"scY":0.925,"x":-0.9069}},{"duration":14,"tweenEasing":0,"transform":{"y":0.1059,"x":-0.5454}},{"duration":0,"transform":{"skX":-1,"y":0.1059,"skY":-1,"x":-0.5454}}],"name":"Layer36"},{"frame":[{"duration":16,"tweenEasing":0,"transform":{}},{"duration":4,"tweenEasing":0,"transform":{"skX":8,"y":-11,"skY":8,"x":4.4}},{"duration":16,"tweenEasing":0,"transform":{"skX":3,"y":-3.85,"skY":3,"x":4.4}},{"duration":14,"tweenEasing":0,"transform":{"skX":3,"y":-3.85,"skY":3,"x":4.4}},{"duration":0,"transform":{}}],"name":"Layer53"},{"frame":[{"duration":16,"tweenEasing":0,"transform":{}},{"duration":4,"tweenEasing":0,"transform":{}},{"duration":16,"tweenEasing":0,"transform":{}},{"duration":14,"tweenEasing":0,"transform":{}},{"duration":0,"transform":{}}],"name":"Layer2"},{"frame":[{"duration":16,"tweenEasing":0,"transform":{}},{"duration":4,"tweenEasing":0,"transform":{"skX":-11.9864,"skY":-11.9864}},{"duration":16,"tweenEasing":0,"transform":{"skX":-4.5625,"skY":-4.5625}},{"duration":14,"tweenEasing":0,"transform":{"skX":-4.5625,"skY":-4.5625}},{"duration":0,"transform":{}}],"name":"Layer24"},{"frame":[{"duration":16,"tweenEasing":0,"transform":{}},{"duration":4,"tweenEasing":0,"transform":{"skX":7.1116,"skY":7.1116}},{"duration":2,"tweenEasing":0,"transform":{"skX":-22.5542,"skY":-22.5542,"scX":1.1}},{"duration":2,"tweenEasing":0,"transform":{"skX":-20.5542,"skY":-20.5542,"scX":1.1}},{"duration":2,"tweenEasing":0,"transform":{"skX":-22.8399,"skY":-22.8399,"scX":1.1}},{"duration":2,"tweenEasing":0,"transform":{"skX":-20.7923,"skY":-20.7923,"scX":1.1}},{"duration":2,"tweenEasing":0,"transform":{"skX":-22.1447,"skY":-22.1447,"scX":1.1}},{"duration":2,"tweenEasing":0,"transform":{"skX":-20.247,"skY":-20.247,"scX":1.1}},{"duration":2,"tweenEasing":0,"transform":{"skX":-22.0161,"skY":-22.0161,"scX":1.1}},{"duration":2,"tweenEasing":0,"transform":{"skX":-20.2851,"skY":-20.2851,"scX":1.1}},{"duration":14,"tweenEasing":0,"transform":{"skX":-22.5542,"skY":-22.5542,"scX":1.1}},{"duration":0,"transform":{"scX":1.1}}],"name":"Layer29"},{"frame":[{"duration":16,"tweenEasing":0,"transform":{}},{"duration":4,"tweenEasing":0,"transform":{"skX":-17.1482,"skY":-17.1482}},{"duration":2,"tweenEasing":0,"transform":{"skX":8.3188,"skY":8.3188,"scX":1.1}},{"duration":2,"tweenEasing":0,"transform":{"skX":6.3188,"skY":6.3188,"scX":1.1}},{"duration":2,"tweenEasing":0,"transform":{"skX":8.6045,"skY":8.6045,"scX":1.1}},{"duration":2,"tweenEasing":0,"transform":{"skX":6.5568,"skY":6.5568,"scX":1.1}},{"duration":2,"tweenEasing":0,"transform":{"skX":8.9092,"skY":8.9092,"scX":1.1}},{"duration":2,"tweenEasing":0,"transform":{"skX":6.7616,"skY":6.7616,"scX":1.1}},{"duration":2,"tweenEasing":0,"transform":{"skX":8.2807,"skY":8.2807,"scX":1.1}},{"duration":2,"tweenEasing":0,"transform":{"skX":6.2997,"skY":6.2997,"scX":1.1}},{"duration":14,"tweenEasing":0,"transform":{"skX":8.3188,"skY":8.3188,"scX":1.1}},{"duration":0,"transform":{"scX":1.1}}],"name":"Layer30"},{"frame":[{"duration":20,"tweenEasing":0,"transform":{}},{"duration":2,"tweenEasing":0,"transform":{"y":14.9939,"x":-46.61}},{"duration":2,"tweenEasing":0,"transform":{"y":13.438,"scY":1.025,"x":-44.4331}},{"duration":2,"tweenEasing":0,"transform":{"y":15.7559,"scY":1.05,"x":-47.6894}},{"duration":2,"tweenEasing":0,"transform":{"y":13.482,"scY":1.075,"x":-45.4261}},{"duration":2,"tweenEasing":0,"transform":{"y":15.7841,"scY":1.1,"x":-46.4722}},{"duration":2,"tweenEasing":0,"transform":{"y":14.2119,"scY":1.125,"x":-45.5196}},{"duration":4,"tweenEasing":0,"transform":{"y":15.2505,"scY":1.15,"x":-46.9715}},{"duration":14,"tweenEasing":0,"transform":{"y":14.9939,"scY":1.2,"x":-46.61}},{"duration":0,"transform":{"skX":-1,"y":14.9939,"skY":-1,"x":-46.61}}],"name":"Layer35"},{"frame":[{"duration":16,"tweenEasing":0,"transform":{}},{"duration":4,"tweenEasing":0,"transform":{"skX":27.338,"skY":27.338}},{"duration":2,"tweenEasing":0,"transform":{"skX":-25.8639,"skY":-25.8639}},{"duration":2,"tweenEasing":0,"transform":{"skX":-27.8639,"skY":-27.8639}},{"duration":2,"tweenEasing":0,"transform":{"skX":-25.8639,"skY":-25.8639}},{"duration":2,"tweenEasing":0,"transform":{"skX":-27.8639,"skY":-27.8639}},{"duration":2,"tweenEasing":0,"transform":{"skX":-25.1973,"skY":-25.1973}},{"duration":2,"tweenEasing":0,"transform":{"skX":-27.5306,"skY":-27.5306}},{"duration":2,"tweenEasing":0,"transform":{"skX":-27.8639,"skY":-27.8639}},{"duration":2,"tweenEasing":0,"transform":{"skX":-25.8639,"skY":-25.8639}},{"duration":14,"tweenEasing":0,"transform":{"skX":-27.8639,"skY":-27.8639}},{"duration":0,"transform":{}}],"name":"Layer33"},{"frame":[{"duration":16,"tweenEasing":0,"transform":{}},{"duration":4,"tweenEasing":0,"transform":{"skX":60.4702,"skY":60.4702}},{"duration":16,"tweenEasing":0,"transform":{"skX":29.7679,"skY":29.7679}},{"duration":14,"tweenEasing":0,"transform":{"skX":29.7679,"skY":29.7679}},{"duration":0,"transform":{}}],"name":"Layer34"},{"frame":[{"duration":16,"tweenEasing":0,"transform":{}},{"duration":4,"tweenEasing":0,"transform":{"skX":0.2824,"skY":0.2824}},{"duration":16,"tweenEasing":0,"transform":{"skX":-5.4365,"skY":-5.4365,"scX":0.6}},{"duration":14,"tweenEasing":0,"transform":{"skX":-5.4365,"skY":-5.4365,"scX":0.6}},{"duration":0,"transform":{}}],"name":"Layer28"},{"frame":[{"duration":20,"tweenEasing":0,"transform":{}},{"duration":2,"tweenEasing":0,"transform":{"y":-18.576,"x":49.0272}},{"duration":2,"tweenEasing":0,"transform":{"y":-20.1319,"scX":1.0125,"x":51.2041}},{"duration":2,"tweenEasing":0,"transform":{"y":-17.814,"scX":1.025,"x":47.9478}},{"duration":2,"tweenEasing":0,"transform":{"y":-20.0879,"scX":1.0375,"x":50.2111}},{"duration":2,"tweenEasing":0,"transform":{"y":-17.7858,"scX":1.05,"x":49.165}},{"duration":2,"tweenEasing":0,"transform":{"y":-19.358,"scX":1.0625,"x":50.1176}},{"duration":4,"tweenEasing":0,"transform":{"y":-18.3194,"scX":1.075,"x":48.6657}},{"duration":14,"tweenEasing":0,"transform":{"y":-18.576,"scX":1.1,"x":49.0272}},{"duration":0,"transform":{"skX":-1,"y":-18.576,"skY":-1,"x":49.0272}}],"name":"Layer37"},{"frame":[{"duration":50,"transform":{}}],"name":"root"},{"frame":[{"duration":50,"transform":{}}],"name":"Layer55"},{"frame":[{"duration":50,"transform":{}}],"name":"dst3"},{"frame":[{"duration":50,"transform":{}}],"name":"dst1"},{"frame":[{"duration":50,"transform":{}}],"name":"Layer56"},{"frame":[{"duration":50,"transform":{}}],"name":"dst2"},{"frame":[{"duration":50,"transform":{}}],"name":"Layer16"},{"frame":[{"duration":50,"transform":{}}],"name":"Layer54"},{"frame":[{"duration":50,"transform":{}}],"name":"dst4"},{"frame":[{"duration":50,"transform":{}}],"name":"Layer57"},{"frame":[{"duration":50,"transform":{}}],"name":"Layer39"}],"ik":[],"name":"attack","ffd":[]},{"duration":46,"frame":[],"slot":[{"frame":[{"duration":46,"tweenEasing":0},{"duration":0,"tweenEasing":null}],"name":"Layer9"},{"frame":[{"duration":46,"tweenEasing":0},{"duration":0,"tweenEasing":null}],"name":"Layer4"},{"frame":[{"duration":46,"tweenEasing":0},{"duration":0,"tweenEasing":null}],"name":"Layer6"},{"frame":[{"duration":14,"tweenEasing":0},{"duration":16,"tweenEasing":0},{"duration":16,"tweenEasing":0},{"duration":0,"tweenEasing":null}],"name":"Layer32"},{"frame":[{"duration":16,"tweenEasing":0},{"duration":14,"tweenEasing":0},{"duration":16,"tweenEasing":0},{"duration":0,"tweenEasing":null}],"name":"Layer31"},{"frame":[{"duration":14,"tweenEasing":0},{"duration":14,"tweenEasing":0},{"duration":18,"tweenEasing":0},{"duration":0,"tweenEasing":null}],"name":"Layer36"},{"frame":[{"duration":14,"tweenEasing":0},{"duration":14,"tweenEasing":0},{"duration":18,"tweenEasing":0},{"duration":0,"tweenEasing":null}],"name":"Layer53"},{"frame":[{"duration":24,"tweenEasing":0},{"duration":22,"tweenEasing":0,"color":{"aM":39}},{"duration":0,"tweenEasing":null}],"name":"Layer2"},{"frame":[{"duration":14,"tweenEasing":0},{"duration":14,"tweenEasing":0},{"duration":18,"tweenEasing":0},{"duration":0,"tweenEasing":null}],"name":"Layer24"},{"frame":[{"duration":14,"tweenEasing":0},{"duration":14,"tweenEasing":0},{"duration":18,"tweenEasing":0},{"duration":0,"tweenEasing":null}],"name":"Layer29"},{"frame":[{"duration":10,"tweenEasing":0},{"duration":22,"tweenEasing":0},{"duration":14,"tweenEasing":0},{"duration":0,"tweenEasing":null}],"name":"Layer30"},{"frame":[{"duration":14,"tweenEasing":0},{"duration":12,"tweenEasing":0},{"duration":20,"tweenEasing":0},{"duration":0,"tweenEasing":null}],"name":"Layer35"},{"frame":[{"duration":20,"tweenEasing":0},{"duration":26,"tweenEasing":0},{"duration":0,"tweenEasing":null}],"name":"Layer33"},{"frame":[{"duration":20,"tweenEasing":0},{"duration":26,"tweenEasing":0},{"duration":0,"tweenEasing":null}],"name":"Layer34"},{"frame":[{"duration":14,"tweenEasing":0},{"duration":14,"tweenEasing":0},{"duration":18,"tweenEasing":0},{"duration":0,"tweenEasing":null}],"name":"Layer28"},{"frame":[{"duration":14,"tweenEasing":0},{"duration":14,"tweenEasing":0},{"duration":18,"tweenEasing":0},{"duration":0,"tweenEasing":null}],"name":"Layer37"},{"frame":[{"duration":46,"displayIndex":-1,"tweenEasing":null}],"name":"Layer16"},{"frame":[{"duration":46,"displayIndex":-1,"tweenEasing":null}],"name":"Layer39"},{"frame":[{"duration":46,"displayIndex":-1,"tweenEasing":null}],"name":"dst1"},{"frame":[{"duration":46,"displayIndex":-1,"tweenEasing":null}],"name":"dst2"},{"frame":[{"duration":46,"displayIndex":-1,"tweenEasing":null}],"name":"dst3"},{"frame":[{"duration":46,"displayIndex":-1,"tweenEasing":null}],"name":"dst4"},{"frame":[{"duration":46,"displayIndex":-1,"tweenEasing":null}],"name":"Layer54"},{"frame":[{"duration":46,"displayIndex":-1,"tweenEasing":null}],"name":"Layer55"},{"frame":[{"duration":46,"displayIndex":-1,"tweenEasing":null}],"name":"Layer56"},{"frame":[{"duration":46,"displayIndex":-1,"tweenEasing":null}],"name":"Layer57"}],"bone":[{"frame":[{"duration":46,"tweenEasing":0,"transform":{}},{"duration":0,"transform":{}}],"name":"Layer9"},{"frame":[{"duration":46,"tweenEasing":0,"transform":{}},{"duration":0,"transform":{}}],"name":"Layer4"},{"frame":[{"duration":46,"tweenEasing":0,"transform":{}},{"duration":0,"transform":{}}],"name":"Layer6"},{"frame":[{"duration":14,"tweenEasing":0,"transform":{}},{"duration":16,"tweenEasing":0,"transform":{"skX":6.75,"skY":6.75}},{"duration":16,"tweenEasing":0,"transform":{"skX":-5,"skY":-5}},{"duration":0,"transform":{}}],"name":"Layer32"},{"frame":[{"duration":16,"tweenEasing":0,"transform":{}},{"duration":14,"tweenEasing":0,"transform":{"skX":6,"skY":6}},{"duration":16,"tweenEasing":0,"transform":{"skX":-1,"skY":-1}},{"duration":0,"transform":{}}],"name":"Layer31"},{"frame":[{"duration":14,"tweenEasing":0,"transform":{}},{"duration":14,"tweenEasing":0,"transform":{"skX":-10,"skY":-10}},{"duration":18,"tweenEasing":0,"transform":{"skX":5,"skY":5}},{"duration":0,"transform":{}}],"name":"Layer36"},{"frame":[{"duration":14,"tweenEasing":0,"transform":{}},{"duration":14,"tweenEasing":0,"transform":{"skX":-2,"y":-8.8,"skY":-2}},{"duration":18,"tweenEasing":0,"transform":{"skX":-2,"y":-8.8,"skY":-2}},{"duration":0,"transform":{}}],"name":"Layer53"},{"frame":[{"duration":24,"tweenEasing":0,"transform":{}},{"duration":22,"tweenEasing":0,"transform":{}},{"duration":0,"transform":{}}],"name":"Layer2"},{"frame":[{"duration":14,"tweenEasing":0,"transform":{}},{"duration":14,"tweenEasing":0,"transform":{"skX":3,"skY":3}},{"duration":18,"tweenEasing":0,"transform":{"skX":-4,"skY":-4}},{"duration":0,"transform":{}}],"name":"Layer24"},{"frame":[{"duration":14,"tweenEasing":0,"transform":{}},{"duration":14,"tweenEasing":0,"transform":{"skX":7.3995,"skY":7.3995}},{"duration":18,"tweenEasing":0,"transform":{"skX":-4.2637,"skY":-4.2637}},{"duration":0,"transform":{}}],"name":"Layer29"},{"frame":[{"duration":10,"tweenEasing":0,"transform":{}},{"duration":22,"tweenEasing":0,"transform":{"skX":-1,"skY":-1}},{"duration":14,"tweenEasing":0,"transform":{"skX":2,"skY":2}},{"duration":0,"transform":{}}],"name":"Layer30"},{"frame":[{"duration":14,"tweenEasing":0,"transform":{}},{"duration":12,"tweenEasing":0,"transform":{"skX":10,"y":-9.5569,"skY":10,"x":-29.6652}},{"duration":20,"tweenEasing":0,"transform":{"skX":-5,"y":16.752,"skY":-5,"x":-53.6922}},{"duration":0,"transform":{}}],"name":"Layer35"},{"frame":[{"duration":20,"tweenEasing":0,"transform":{}},{"duration":26,"tweenEasing":0,"transform":{"skX":4,"skY":4}},{"duration":0,"transform":{}}],"name":"Layer33"},{"frame":[{"duration":20,"tweenEasing":0,"transform":{}},{"duration":26,"tweenEasing":0,"transform":{"skX":-4,"skY":-4}},{"duration":0,"transform":{}}],"name":"Layer34"},{"frame":[{"duration":14,"tweenEasing":0,"transform":{}},{"duration":14,"tweenEasing":0,"transform":{"skX":2.291,"skY":2.291}},{"duration":18,"tweenEasing":0,"transform":{"skX":-2.5748,"skY":-2.5748,"scX":0.9}},{"duration":0,"transform":{}}],"name":"Layer28"},{"frame":[{"duration":14,"tweenEasing":0,"transform":{}},{"duration":14,"tweenEasing":0,"transform":{"skX":9,"y":2.2643,"skY":9,"x":30.4374}},{"duration":18,"tweenEasing":0,"transform":{"skX":-6,"y":-17.7039,"skY":-6,"x":46.8397}},{"duration":0,"transform":{}}],"name":"Layer37"},{"frame":[{"duration":46,"transform":{}}],"name":"root"},{"frame":[{"duration":46,"transform":{}}],"name":"Layer55"},{"frame":[{"duration":46,"transform":{}}],"name":"dst3"},{"frame":[{"duration":46,"transform":{}}],"name":"dst1"},{"frame":[{"duration":46,"transform":{}}],"name":"Layer56"},{"frame":[{"duration":46,"transform":{}}],"name":"dst2"},{"frame":[{"duration":46,"transform":{}}],"name":"Layer16"},{"frame":[{"duration":46,"transform":{}}],"name":"Layer54"},{"frame":[{"duration":46,"transform":{}}],"name":"dst4"},{"frame":[{"duration":46,"transform":{}}],"name":"Layer57"},{"frame":[{"duration":46,"transform":{}}],"name":"Layer39"}],"ik":[],"playTimes":0,"name":"move","ffd":[]},{"duration":20,"frame":[],"slot":[{"frame":[{"duration":8,"displayIndex":-1,"tweenEasing":0},{"duration":4,"displayIndex":-1,"tweenEasing":0},{"duration":8,"tweenEasing":0},{"duration":0,"tweenEasing":null,"color":{"aM":39}}],"name":"Layer57"},{"frame":[{"duration":4,"displayIndex":-1,"tweenEasing":0},{"duration":4,"displayIndex":-1,"tweenEasing":0},{"duration":4,"tweenEasing":0},{"duration":8,"displayIndex":-1,"tweenEasing":0},{"duration":0,"displayIndex":-1,"tweenEasing":null}],"name":"Layer56"},{"frame":[{"duration":4,"displayIndex":-1,"tweenEasing":0},{"duration":4,"tweenEasing":0},{"duration":12,"displayIndex":-1,"tweenEasing":0},{"duration":0,"displayIndex":-1,"tweenEasing":null}],"name":"Layer55"},{"frame":[{"duration":4,"tweenEasing":0},{"duration":16,"displayIndex":-1,"tweenEasing":0},{"duration":0,"displayIndex":-1,"tweenEasing":null}],"name":"Layer54"},{"frame":[{"duration":20,"displayIndex":-1,"tweenEasing":null}],"name":"Layer37"},{"frame":[{"duration":20,"displayIndex":-1,"tweenEasing":null}],"name":"Layer28"},{"frame":[{"duration":20,"displayIndex":-1,"tweenEasing":null}],"name":"Layer34"},{"frame":[{"duration":20,"displayIndex":-1,"tweenEasing":null}],"name":"Layer33"},{"frame":[{"duration":20,"displayIndex":-1,"tweenEasing":null}],"name":"Layer35"},{"frame":[{"duration":20,"displayIndex":-1,"tweenEasing":null}],"name":"Layer30"},{"frame":[{"duration":20,"displayIndex":-1,"tweenEasing":null}],"name":"Layer29"},{"frame":[{"duration":20,"displayIndex":-1,"tweenEasing":null}],"name":"Layer24"},{"frame":[{"duration":20,"displayIndex":-1,"tweenEasing":null}],"name":"Layer2"},{"frame":[{"duration":20,"displayIndex":-1,"tweenEasing":null}],"name":"Layer53"},{"frame":[{"duration":20,"displayIndex":-1,"tweenEasing":null}],"name":"Layer36"},{"frame":[{"duration":20,"displayIndex":-1,"tweenEasing":null}],"name":"Layer31"},{"frame":[{"duration":20,"displayIndex":-1,"tweenEasing":null}],"name":"Layer32"},{"frame":[{"duration":20,"displayIndex":-1,"tweenEasing":null}],"name":"Layer6"},{"frame":[{"duration":20,"displayIndex":-1,"tweenEasing":null}],"name":"Layer16"},{"frame":[{"duration":20,"displayIndex":-1,"tweenEasing":null}],"name":"Layer39"},{"frame":[{"duration":20,"displayIndex":-1,"tweenEasing":null}],"name":"Layer4"},{"frame":[{"duration":20,"displayIndex":-1,"tweenEasing":null}],"name":"Layer9"},{"frame":[{"duration":20,"displayIndex":-1,"tweenEasing":null}],"name":"dst1"},{"frame":[{"duration":20,"displayIndex":-1,"tweenEasing":null}],"name":"dst2"},{"frame":[{"duration":20,"displayIndex":-1,"tweenEasing":null}],"name":"dst3"},{"frame":[{"duration":20,"displayIndex":-1,"tweenEasing":null}],"name":"dst4"}],"bone":[{"frame":[{"duration":8,"tweenEasing":0,"transform":{}},{"duration":4,"tweenEasing":0,"transform":{}},{"duration":8,"tweenEasing":0,"transform":{}},{"duration":0,"transform":{}}],"name":"Layer57"},{"frame":[{"duration":4,"tweenEasing":0,"transform":{}},{"duration":4,"tweenEasing":0,"transform":{}},{"duration":4,"tweenEasing":0,"transform":{}},{"duration":8,"tweenEasing":0,"transform":{}},{"duration":0,"transform":{}}],"name":"Layer56"},{"frame":[{"duration":4,"tweenEasing":0,"transform":{"y":25.85,"x":43.45}},{"duration":4,"tweenEasing":0,"transform":{}},{"duration":12,"tweenEasing":0,"transform":{}},{"duration":0,"transform":{}}],"name":"Layer55"},{"frame":[{"duration":4,"tweenEasing":0,"transform":{}},{"duration":16,"tweenEasing":0,"transform":{}},{"duration":0,"transform":{}}],"name":"Layer54"},{"frame":[{"duration":20,"transform":{}}],"name":"root"},{"frame":[{"duration":20,"transform":{}}],"name":"Layer53"},{"frame":[{"duration":20,"transform":{}}],"name":"dst3"},{"frame":[{"duration":20,"transform":{}}],"name":"dst1"},{"frame":[{"duration":20,"transform":{}}],"name":"dst2"},{"frame":[{"duration":20,"transform":{}}],"name":"Layer16"},{"frame":[{"duration":20,"transform":{}}],"name":"dst4"},{"frame":[{"duration":20,"transform":{}}],"name":"Layer24"},{"frame":[{"duration":20,"transform":{}}],"name":"Layer31"},{"frame":[{"duration":20,"transform":{}}],"name":"Layer29"},{"frame":[{"duration":20,"transform":{}}],"name":"Layer30"},{"frame":[{"duration":20,"transform":{}}],"name":"Layer34"},{"frame":[{"duration":20,"transform":{}}],"name":"Layer28"},{"frame":[{"duration":20,"transform":{}}],"name":"Layer33"},{"frame":[{"duration":20,"transform":{}}],"name":"Layer2"},{"frame":[{"duration":20,"transform":{}}],"name":"Layer39"},{"frame":[{"duration":20,"transform":{}}],"name":"Layer32"},{"frame":[{"duration":20,"transform":{}}],"name":"Layer37"},{"frame":[{"duration":20,"transform":{}}],"name":"Layer36"},{"frame":[{"duration":20,"transform":{}}],"name":"Layer35"},{"frame":[{"duration":20,"transform":{}}],"name":"Layer9"},{"frame":[{"duration":20,"transform":{}}],"name":"Layer4"},{"frame":[{"duration":20,"transform":{}}],"name":"Layer6"}],"ik":[],"playTimes":0,"name":"Animation1","ffd":[]}],"type":"Armature","name":"armatureName","skin":[{"name":"","slot":[{"display":[{"path":"mon0006_guangyun1","type":"image","name":"mon0006_guangyun1","transform":{"x":2.0952}}],"name":"Layer9"},{"display":[{"path":"mon0006_zuobi","type":"image","name":"mon0006_zuobi","transform":{"skX":-42.4362,"y":-0.8784,"skY":-42.4362,"x":6.4931}}],"name":"Layer31"},{"display":[{"path":"mon0006-2-2","type":"image","name":"mon0006-2-2","transform":{}}],"name":"Layer55"},{"display":[{"path":"mon0006_shitou2","type":"image","name":"mon0006_shitou2","transform":{"skX":164.2488,"y":-0.8272,"skY":164.2488,"x":5.0433}}],"name":"Layer35"},{"display":[{"path":"mon0006_houxiabai","type":"image","name":"mon0006_houxiabai","transform":{"skX":-85.8653,"y":-2.8739,"skY":-85.8653,"x":21.2445}}],"name":"Layer28"},{"display":[{"path":"mon0006_zuoshou","type":"image","name":"mon0006_zuoshou","transform":{"skX":-58.627,"y":1.3964,"skY":-58.627,"x":9.6448}}],"name":"Layer32"},{"display":[{"path":"mon0006-2-1","type":"image","name":"mon0006-2-1","transform":{}}],"name":"Layer54"},{"display":[{"path":"mon0006_shitou3","type":"image","name":"mon0006_shitou3","transform":{"skX":144.6888,"y":-0.3623,"skY":144.6888,"x":8.2947}}],"name":"Layer36"},{"display":[{"path":"mon0006_shitou1","type":"image","name":"mon0006_shitou1","transform":{"skX":143.3929,"y":0.1042,"skY":143.3929,"x":4.9162}}],"name":"Layer37"},{"display":[{"path":"mon0006_fazhang","type":"image","name":"mon0006_fazhang","transform":{"skX":-139.0856,"y":18.5311,"skY":-139.0856,"x":18.4078}}],"name":"Layer33"},{"display":[{"path":"mon0006_guangyun1","type":"image","name":"mon0006_guangyun1","transform":{"y":1.5,"x":3}}],"name":"Layer6"},{"display":[{"path":"mon0006_xiong","type":"image","name":"mon0006_xiong","transform":{"skX":81.0604,"y":3.7375,"skY":81.0604,"x":6.0508}}],"name":"Layer53"},{"display":[{"path":"mon0006_shoushang2","type":"image","name":"mon0006_shoushang2","transform":{"y":-3.5357,"x":5.1071}}],"name":"Layer16"},{"display":[{"path":"mon0006_youbi","type":"image","name":"mon0006_youbi","transform":{"skX":-133.4089,"y":0.4522,"skY":-133.4088,"x":8.8243}}],"name":"Layer34"},{"display":[{"path":"mon0006_tou1","type":"image","name":"mon0006_tou1","transform":{"y":0.7857,"x":2.3571}}],"name":"Layer2"},{"display":[{"path":"mon0006-2-3","type":"image","name":"mon0006-2-3","transform":{}}],"name":"Layer56"},{"display":[{"path":"mon0006_guangyun1","type":"image","name":"mon0006_guangyun1","transform":{"y":0.7857,"x":-0.2619}}],"name":"Layer4"},{"display":[{"path":"mon0006-2-4","type":"image","name":"mon0006-2-4","transform":{}}],"name":"Layer57"},{"display":[{"path":"mon0006_tou","type":"image","name":"mon0006_tou","transform":{"skX":81.8699,"y":-0.6008,"skY":81.8698,"x":26.6551}}],"name":"Layer24"},{"display":[{"path":"mon0006_tou2","type":"image","name":"mon0006_tou2","transform":{"y":-0.4736,"x":4.7821}}],"name":"Layer39"},{"display":[{"path":"mon0006_youxiabai","type":"image","name":"mon0006_youxiabai","transform":{"skX":-114.6559,"y":1.2414,"skY":-114.6559,"x":14.5236}}],"name":"Layer30"},{"display":[{"path":"mon0006_zuoxiabai","type":"image","name":"mon0006_zuoxiabai","transform":{"skX":-68.6294,"y":-7.6282,"skY":-68.6294,"x":18.1776}}],"name":"Layer29"}]}],"defaultActions":[{"gotoAndPlay":"stand"}]}],"isGlobal":0,"name":"20000","version":"5.0"}