{"width":512,"height":512,"name":"10001","imagePath":"10001_tex.png","SubTexture":[{"width":22,"y":93,"height":18,"name":"lang_01_weiba02","x":456},{"width":13,"y":166,"height":12,"name":"lang_01_weiba01","x":238},{"width":40,"y":124,"height":47,"name":"lang_01_weiba03","x":88},{"width":18,"y":154,"height":10,"name":"lang_01_youhouzhua","x":238},{"width":16,"y":140,"height":12,"name":"lang_01_youhouxiaotui","x":238},{"width":17,"y":122,"height":16,"name":"lang_01_youhoutui","x":238},{"width":45,"y":408,"height":51,"name":"lang_01_xiong01","x":153},{"width":28,"y":417,"height":37,"name":"lang_01_youqianbang","x":117},{"width":51,"y":262,"height":46,"name":"lang_01_xiong02","x":152},{"width":32,"y":474,"height":17,"name":"lang_01_youqianzhua","x":1},{"width":33,"y":445,"height":27,"name":"lang_01_youqiantui","x":1},{"width":76,"y":208,"height":69,"name":"lang_01_xiong03","x":1},{"width":23,"y":343,"height":12,"name":"lang_01_zuohouzhua","x":153},{"width":19,"y":228,"height":19,"name":"lang_01_zuohouxiaotui","x":368},{"width":28,"y":454,"height":27,"name":"lang_01_zuohoutui","x":36},{"width":57,"y":409,"height":34,"name":"lang_01_xiaba","x":1},{"width":85,"y":124,"height":82,"name":"lang_01_langtou","x":1},{"width":37,"y":310,"height":31,"name":"lang_01_zuoqianbang","x":153},{"width":32,"y":205,"height":18,"name":"lang_01_zuoqianzhua","x":206},{"width":33,"y":173,"height":28,"name":"lang_01_zuoqiantui","x":88},{"width":74,"y":228,"height":63,"name":"lang_01-2-1-1","x":292},{"width":72,"y":292,"height":63,"name":"lang_01-2-1-2","x":206},{"width":71,"y":262,"height":63,"name":"lang_01-2-1-3","x":79},{"width":70,"y":279,"height":63,"name":"lang_01-2-1-4","x":1},{"width":65,"y":344,"height":63,"name":"lang_01-2-1-5","x":1},{"width":62,"y":251,"height":63,"name":"lang_01-2-1-6","x":368},{"width":99,"y":119,"height":130,"name":"lang_01-1-1-1","x":391},{"width":130,"y":1,"height":121,"name":"lang_01-1-1-2","x":1},{"width":130,"y":1,"height":119,"name":"lang_01-1-1-3","x":133},{"width":129,"y":1,"height":116,"name":"lang_01-1-1-4","x":265},{"width":124,"y":119,"height":107,"name":"lang_01-1-1-5","x":265},{"width":84,"y":228,"height":62,"name":"lang_01-1-1-6","x":206},{"width":16,"y":93,"height":23,"name":"lang_01_shoushang1","x":480},{"frameHeight":9,"y":343,"frameWidth":22,"frameX":-1,"width":21,"frameY":0,"height":9,"name":"lang_01_shoushang2","x":178},{"width":15,"y":180,"height":10,"name":"lang_01_shoushang3","x":238},{"width":55,"y":417,"height":35,"name":"lang_01_shoushang4","x":60},{"width":66,"y":293,"height":50,"name":"mon002_02_01","x":280},{"width":58,"y":357,"height":49,"name":"mon002_02_02","x":153},{"width":55,"y":357,"height":51,"name":"mon002_02_03","x":213},{"width":78,"y":327,"height":53,"name":"mon002_02_04","x":73},{"width":55,"y":345,"height":53,"name":"mon002_02_05","x":280},{"width":110,"y":1,"height":90,"name":"mon002_03_01","x":396},{"width":103,"y":122,"height":81,"name":"mon002_03_02","x":133},{"width":116,"y":205,"height":55,"name":"mon002_03_03","x":88},{"width":83,"y":382,"height":33,"name":"mon002_03_04","x":68},{"width":58,"y":93,"height":19,"name":"mon002_03_05","x":396}]}