{"width":1024,"height":1024,"name":"10004","imagePath":"10004_tex.png","SubTexture":[{"width":124,"y":378,"height":58,"name":"mon0005-3-1","x":1},{"width":213,"y":456,"height":87,"name":"mon0005-3-2","x":1},{"width":225,"y":159,"height":87,"name":"mon0005-3-3","x":683},{"width":225,"y":387,"height":80,"name":"mon0005-3-4","x":276},{"width":44,"y":313,"height":43,"name":"mon0005_pilian4","x":276},{"width":232,"y":248,"height":78,"name":"mon0005-1-4","x":764},{"width":20,"y":546,"height":18,"name":"mon0005_yougebo","x":850},{"width":224,"y":469,"height":78,"name":"mon0005-1-2","x":216},{"width":240,"y":161,"height":81,"name":"mon0005-1-3","x":418},{"width":102,"y":547,"height":39,"name":"mon0005-1-1","x":746},{"width":62,"y":1,"height":81,"name":"mon0005_wuqishou","x":957},{"width":17,"y":253,"height":26,"name":"mon0005_pilian3","x":198},{"width":28,"y":521,"height":23,"name":"mon0005_pilian2","x":831},{"width":33,"y":588,"height":42,"name":"mon0005_pilian1","x":782},{"width":44,"y":470,"height":49,"name":"mon0005_xiong","x":831},{"width":96,"y":159,"height":87,"name":"mon0005_tou","x":910},{"width":66,"y":176,"height":75,"name":"mon0005-2-1","x":139},{"width":50,"y":469,"height":75,"name":"mon0005-2-2","x":442},{"width":53,"y":170,"height":70,"name":"mon0005_dunpai","x":356},{"width":57,"y":84,"height":73,"name":"mon0005-2-3","x":948},{"width":83,"y":470,"height":75,"name":"mon0005-2-4","x":746},{"width":57,"y":253,"height":48,"name":"mon0005_shoushang4","x":139},{"width":41,"y":588,"height":30,"name":"mon0005_tou1","x":817},{"width":34,"y":588,"height":41,"name":"mon0005_shoushang1","x":746},{"width":215,"y":1,"height":173,"name":"mon0005-4-1","x":1},{"frameHeight":168,"y":1,"frameWidth":198,"frameX":0,"width":198,"frameY":-1,"height":167,"name":"mon0005-4-2","x":218},{"frameHeight":141,"y":387,"frameWidth":126,"frameX":-1,"width":125,"frameY":0,"height":141,"name":"mon0005-5-1","x":503},{"width":112,"y":401,"height":141,"name":"mon0005-5-2","x":882},{"width":110,"y":544,"height":141,"name":"mon0005-5-3","x":882},{"width":114,"y":470,"height":141,"name":"mon0005-5-4","x":630},{"frameHeight":141,"y":248,"frameWidth":132,"frameX":0,"width":131,"frameY":0,"height":141,"name":"mon0005-5-5","x":631},{"width":136,"y":170,"height":141,"name":"mon0005-5-6","x":218},{"width":136,"y":244,"height":141,"name":"mon0005-5-7","x":356},{"width":135,"y":244,"height":141,"name":"mon0005-5-8","x":494},{"width":136,"y":176,"height":141,"name":"mon0005-5-9","x":1},{"width":135,"y":313,"height":141,"name":"mon0005-5-10","x":139},{"frameHeight":60,"y":319,"frameWidth":141,"frameX":-1,"width":136,"frameY":-1,"height":57,"name":"mon0005-6-1","x":1},{"frameHeight":75,"y":328,"frameWidth":261,"frameX":-6,"width":254,"frameY":-1,"height":71,"name":"mon0005-6-2","x":764},{"frameHeight":78,"y":81,"frameWidth":271,"frameX":-7,"width":263,"frameY":0,"height":76,"name":"mon0005-6-3","x":683},{"frameHeight":79,"y":1,"frameWidth":272,"frameX":-3,"width":268,"frameY":0,"height":78,"name":"mon0005-6-4","x":418},{"frameHeight":80,"y":1,"frameWidth":271,"frameX":-2,"width":267,"frameY":-1,"height":78,"name":"mon0005-6-5","x":688},{"frameHeight":80,"y":81,"frameWidth":267,"frameX":-1,"width":263,"frameY":-1,"height":78,"name":"mon0005-6-6","x":418},{"frameHeight":78,"y":401,"frameWidth":253,"frameX":-1,"width":250,"frameY":-2,"height":67,"name":"mon0005-6-7","x":630}]}