{"width":1024,"height":1024,"name":"10002","imagePath":"10002_tex.png","SubTexture":[{"width":358,"y":1,"height":84,"name":"mon0003-5-17","x":198},{"width":123,"y":414,"height":51,"name":"mon0003-5-16","x":604},{"width":120,"y":254,"height":46,"name":"mon0003-5-15","x":232},{"width":115,"y":558,"height":45,"name":"mon0003-5-14","x":209},{"width":75,"y":467,"height":30,"name":"mom0003-2-1","x":590},{"width":47,"y":214,"height":58,"name":"mon0003_youzhou","x":969},{"width":15,"y":355,"height":22,"name":"mon0003_youshizhi1","x":462},{"width":11,"y":161,"height":16,"name":"mon0003_zuoshouzhi3","x":493},{"width":15,"y":379,"height":21,"name":"mon0003_youshizhi2","x":462},{"width":51,"y":454,"height":45,"name":"mon0003_youxiabi","x":822},{"width":41,"y":69,"height":58,"name":"mon0003_youtui","x":974},{"width":54,"y":136,"height":76,"name":"mon0003_youshangbi","x":969},{"width":83,"y":557,"height":102,"name":"mon0003_qigan","x":124},{"width":81,"y":735,"height":30,"name":"mom0003-2-3","x":75},{"width":32,"y":87,"height":30,"name":"mom0003-2-4","x":198},{"width":86,"y":424,"height":30,"name":"mom0003-2-2","x":911},{"width":85,"y":564,"height":61,"name":"mon0003_tou","x":326},{"width":29,"y":119,"height":21,"name":"mon0003_zuozhou","x":198},{"width":40,"y":627,"height":58,"name":"mon0003_zuotui","x":339},{"width":46,"y":492,"height":40,"name":"mon0003_yaobu","x":754},{"width":91,"y":499,"height":24,"name":"mon0003_yao","x":590},{"width":16,"y":467,"height":22,"name":"mon0003_zoushouzhi1","x":709},{"width":11,"y":435,"height":17,"name":"mon0003_youshizhi3","x":590},{"width":15,"y":452,"height":23,"name":"mon0003_zuoshouzhi2","x":330},{"width":64,"y":564,"height":81,"name":"mon0003_zuoshangbi","x":413},{"width":64,"y":276,"height":71,"name":"mon0003_zuoxiabi","x":959},{"width":37,"y":605,"height":16,"name":"mon0003_shoushang","x":281},{"frameHeight":66,"y":728,"frameWidth":73,"frameX":-1,"width":72,"frameY":0,"height":66,"name":"mom0003-3-1","x":1},{"width":56,"y":627,"height":72,"name":"mon0003-4-1","x":281},{"width":90,"y":646,"height":80,"name":"mom0003-1-1","x":1},{"width":60,"y":87,"height":72,"name":"mon0003-4-2","x":493},{"width":96,"y":569,"height":75,"name":"mom0003-1-3","x":1},{"width":67,"y":661,"height":72,"name":"mon0003-4-3","x":93},{"width":92,"y":180,"height":80,"name":"mom0003-1-2","x":614},{"width":70,"y":605,"height":70,"name":"mon0003-4-4","x":209},{"width":105,"y":452,"height":104,"name":"mon0003-5-12","x":223},{"frameHeight":117,"y":317,"frameWidth":123,"frameX":0,"width":123,"frameY":-1,"height":116,"name":"mon0003-5-13","x":479},{"frameHeight":244,"y":1,"frameWidth":195,"frameX":0,"width":195,"frameY":-1,"height":243,"name":"mon0003-5-11","x":1},{"width":114,"y":279,"height":133,"name":"mon0003-5-1","x":614},{"width":109,"y":435,"height":130,"name":"mon0003-5-2","x":479},{"width":109,"y":355,"height":127,"name":"mon0003-5-3","x":351},{"width":117,"y":317,"height":133,"name":"mon0003-5-4","x":232},{"width":124,"y":1,"height":133,"name":"mon0003-5-5","x":848},{"width":123,"y":276,"height":133,"name":"mon0003-5-6","x":834},{"width":121,"y":439,"height":128,"name":"mon0003-5-7","x":1},{"frameHeight":138,"y":136,"frameWidth":121,"frameX":0,"width":119,"frameY":0,"height":138,"name":"mon0003-5-8","x":848},{"width":119,"y":139,"height":138,"name":"mon0003-5-9","x":713},{"width":119,"y":180,"height":135,"name":"mon0003-5-10","x":493},{"width":90,"y":376,"height":74,"name":"mon0003-6-1","x":730},{"width":229,"y":246,"height":191,"name":"mon0003-6-2","x":1},{"width":153,"y":1,"height":177,"name":"mon0003-6-3","x":558},{"width":122,"y":87,"height":165,"name":"mon0003-6-4","x":232},{"width":86,"y":720,"height":42,"name":"mon0003-7-1","x":162},{"width":96,"y":677,"height":41,"name":"mon0003-7-2","x":162},{"width":87,"y":411,"height":41,"name":"mon0003-7-3","x":822},{"width":91,"y":452,"height":38,"name":"mon0003-8-1","x":729},{"width":69,"y":492,"height":31,"name":"mon0003-8-2","x":683},{"width":40,"y":467,"height":22,"name":"mon0003-8-3","x":667},{"width":33,"y":661,"height":13,"name":"mon0003-8-4","x":162},{"width":75,"y":279,"height":95,"name":"mon0003-9-1","x":730},{"width":97,"y":439,"height":116,"name":"mon0003-9-2","x":124},{"width":121,"y":224,"height":129,"name":"mon0003-9-3","x":356},{"width":135,"y":87,"height":135,"name":"mon0003-9-4","x":356},{"width":133,"y":1,"height":136,"name":"mon0003-9-5","x":713},{"width":39,"y":1,"height":66,"name":"mon0003-10-1","x":974},{"width":58,"y":349,"height":73,"name":"mon0003-10-2","x":959},{"width":70,"y":484,"height":78,"name":"mon0003-10-3","x":330},{"width":70,"y":484,"height":72,"name":"mon0003-10-4","x":402}]}