{"width":1024,"height":2048,"name":"20002","imagePath":"20002_tex.png","SubTexture":[{"width":71,"y":1001,"height":36,"name":"mon0008_weiba01","x":497},{"width":43,"y":708,"height":37,"name":"mon0008_weiba02","x":965},{"width":27,"y":789,"height":35,"name":"mon0008_weiba03","x":653},{"width":73,"y":987,"height":81,"name":"mon0008_gongnu","x":893},{"width":80,"y":857,"height":52,"name":"mon0008_nujian","x":133},{"width":31,"y":826,"height":16,"name":"mon0008_youxiaobi","x":653},{"width":27,"y":724,"height":18,"name":"mon0008_youshou","x":239},{"frameHeight":39,"y":1001,"frameWidth":31,"frameX":0,"width":31,"frameY":0,"height":37,"name":"mon0008_youbang","x":570},{"width":101,"y":1007,"height":112,"name":"mon0008_xiong","x":127},{"width":92,"y":943,"height":62,"name":"mon0008_xiaba","x":610},{"width":141,"y":748,"height":111,"name":"mon0008_tou","x":378},{"width":24,"y":724,"height":13,"name":"mon0008_youjiao","x":268},{"width":17,"y":311,"height":23,"name":"mon0008_youxiaotui","x":225},{"width":35,"y":415,"height":25,"name":"mon0008_youdatui","x":697},{"width":62,"y":1053,"height":64,"name":"mon0008_yaofu","x":597},{"width":30,"y":724,"height":22,"name":"mon0008_zuojiao","x":378},{"width":11,"y":943,"height":24,"name":"mon0008_zuoxiaotui","x":779},{"width":25,"y":443,"height":34,"name":"mon0008_zuodatui","x":985},{"frameHeight":23,"y":415,"frameWidth":34,"frameX":0,"width":34,"frameY":0,"height":21,"name":"mon0008_zuoshou","x":734},{"width":32,"y":987,"height":17,"name":"mon0008_zuobi","x":704},{"width":32,"y":748,"height":39,"name":"mon0008_zuobang","x":653},{"width":100,"y":1041,"height":49,"name":"mon0008_shoushang","x":495},{"width":73,"y":943,"height":42,"name":"mon0008-2-1-1","x":704},{"width":62,"y":659,"height":47,"name":"mon0008-2-1-2","x":951},{"width":41,"y":869,"height":62,"name":"mon0008-2-1-3","x":610},{"width":18,"y":242,"height":67,"name":"mon0008-2-1-4","x":225},{"width":68,"y":568,"height":89,"name":"mon0008-1-1-1","x":951},{"width":94,"y":1089,"height":87,"name":"mon0008-1-1-2","x":1},{"width":94,"y":909,"height":83,"name":"mon0008-1-1-3","x":797},{"width":88,"y":909,"height":76,"name":"mon0008-1-1-4","x":893},{"width":78,"y":911,"height":64,"name":"mon0008-1-1-5","x":289},{"width":142,"y":846,"height":95,"name":"mon_01","x":653},{"width":154,"y":911,"height":94,"name":"mon_02","x":133},{"width":274,"y":717,"height":127,"name":"mon_03","x":689},{"width":164,"y":604,"height":118,"name":"mon_04","x":239},{"width":148,"y":443,"height":156,"name":"mon_05","x":242},{"width":143,"y":746,"height":163,"name":"mon_06","x":233},{"width":260,"y":579,"height":136,"name":"mon_07","x":689},{"width":286,"y":443,"height":123,"name":"mon_08","x":697},{"width":239,"y":439,"height":163,"name":"mon_09","x":1},{"width":240,"y":415,"height":162,"name":"mon_10","x":455},{"width":236,"y":604,"height":140,"name":"mon_11","x":1},{"width":230,"y":746,"height":109,"name":"mon_12","x":1},{"width":204,"y":1041,"height":60,"name":"mon_01_01","x":289},{"width":200,"y":846,"height":61,"name":"mon_01_02","x":797},{"width":206,"y":979,"height":60,"name":"mon_01_03","x":289},{"width":222,"y":242,"height":195,"name":"mon_02_01","x":1},{"width":206,"y":227,"height":214,"name":"mon_02_02","x":247},{"width":215,"y":224,"height":217,"name":"mon_02_03","x":773},{"width":244,"y":1,"height":239,"name":"mon_02_04","x":1},{"width":248,"y":1,"height":221,"name":"mon_02_05","x":772},{"width":258,"y":1,"height":224,"name":"mon_02_06","x":247},{"width":263,"y":1,"height":212,"name":"mon_02_07","x":507},{"width":264,"y":224,"height":189,"name":"mon_02_08","x":507},{"width":232,"y":579,"height":167,"name":"mon_02_09","x":455},{"width":125,"y":994,"height":40,"name":"mon_03_01","x":738},{"width":126,"y":1007,"height":44,"name":"mon_03_02","x":610},{"width":125,"y":1036,"height":40,"name":"mon_03_03","x":738},{"width":99,"y":869,"height":130,"name":"mon_04_01","x":509},{"width":130,"y":857,"height":121,"name":"mon_04_02","x":1},{"width":130,"y":748,"height":119,"name":"mon_04_03","x":521},{"width":129,"y":861,"height":116,"name":"mon_04_04","x":378},{"width":124,"y":980,"height":107,"name":"mon_04_05","x":1}]}