{"width":512,"height":512,"name":"10003","imagePath":"10003_tex.png","SubTexture":[{"width":25,"y":157,"height":20,"name":"lang_02_weiba02","x":96},{"width":15,"y":256,"height":14,"name":"lang_02_weiba01","x":75},{"width":42,"y":451,"height":47,"name":"lang_02_weiba03","x":1},{"width":21,"y":308,"height":10,"name":"lang_02_youhouzhua","x":146},{"width":18,"y":240,"height":14,"name":"lang_02_youhouxiaotui","x":75},{"width":20,"y":288,"height":18,"name":"lang_02_youhoutui","x":146},{"width":53,"y":292,"height":59,"name":"lang_02_xiong01","x":322},{"width":32,"y":451,"height":44,"name":"lang_02_youqianbang","x":45},{"width":59,"y":344,"height":53,"name":"lang_02_xiong02","x":254},{"width":37,"y":93,"height":20,"name":"lang_02_youqianzhua","x":396},{"width":39,"y":386,"height":32,"name":"lang_02_youqiantui","x":203},{"width":80,"y":205,"height":81,"name":"lang_02_xiong03","x":96},{"width":27,"y":179,"height":14,"name":"lang_02_zuohouzhua","x":96},{"width":23,"y":93,"height":22,"name":"lang_02_zuohouxiaotui","x":474},{"width":33,"y":124,"height":31,"name":"lang_02_zuohoutui","x":96},{"width":67,"y":408,"height":41,"name":"lang_02_xiaba","x":1},{"width":93,"y":124,"height":89,"name":"lang_02_langtou","x":1},{"width":43,"y":350,"height":34,"name":"lang_02_zuoqianbang","x":203},{"width":37,"y":93,"height":20,"name":"lang_02_zuoqianzhua","x":435},{"width":39,"y":405,"height":31,"name":"lang_02_zuoqiantui","x":138},{"width":74,"y":285,"height":63,"name":"lang_01-2-1-1","x":178},{"width":72,"y":215,"height":63,"name":"lang_01-2-1-2","x":1},{"width":71,"y":280,"height":63,"name":"lang_01-2-1-3","x":1},{"width":70,"y":288,"height":63,"name":"lang_01-2-1-4","x":74},{"width":65,"y":251,"height":63,"name":"lang_01-2-1-5","x":382},{"width":62,"y":251,"height":63,"name":"lang_01-2-1-6","x":449},{"width":99,"y":119,"height":130,"name":"lang_01-1-1-1","x":391},{"width":130,"y":1,"height":121,"name":"lang_01-1-1-2","x":1},{"width":130,"y":1,"height":119,"name":"lang_01-1-1-3","x":133},{"width":129,"y":1,"height":116,"name":"lang_01-1-1-4","x":265},{"width":124,"y":119,"height":107,"name":"lang_01-1-1-5","x":265},{"width":84,"y":228,"height":62,"name":"lang_01-1-1-6","x":296},{"width":16,"y":215,"height":23,"name":"lang_02_shoushang1","x":75},{"frameHeight":9,"y":320,"frameWidth":22,"frameX":-1,"width":21,"frameY":0,"height":9,"name":"lang_02_shoushang2","x":146},{"width":15,"y":272,"height":10,"name":"lang_02_shoushang3","x":75},{"width":55,"y":351,"height":35,"name":"lang_02_shoushang4","x":377},{"width":66,"y":292,"height":50,"name":"mon002_02_01","x":254},{"width":58,"y":353,"height":49,"name":"mon002_02_02","x":81},{"width":55,"y":404,"height":51,"name":"mon002_02_03","x":81},{"width":78,"y":353,"height":53,"name":"mon002_02_04","x":1},{"width":55,"y":350,"height":53,"name":"mon002_02_05","x":146},{"width":110,"y":1,"height":90,"name":"mon002_03_01","x":396},{"width":103,"y":122,"height":81,"name":"mon002_03_02","x":133},{"width":116,"y":228,"height":55,"name":"mon002_03_03","x":178},{"width":83,"y":316,"height":33,"name":"mon002_03_04","x":377},{"width":58,"y":205,"height":19,"name":"mon002_03_05","x":178}]}