{"width":1024,"height":1024,"name":"10005","imagePath":"10005_tex.png","SubTexture":[{"width":11,"y":119,"height":9,"name":"annie_18","x":319},{"width":12,"y":332,"height":10,"name":"annie_17","x":181},{"width":10,"y":498,"height":6,"name":"annie_08","x":123},{"width":31,"y":390,"height":18,"name":"annie_09","x":124},{"width":11,"y":119,"height":10,"name":"annie_07","x":294},{"width":6,"y":222,"height":14,"name":"annie_15","x":517},{"width":7,"y":498,"height":4,"name":"annie_14","x":135},{"width":1,"y":616,"height":1,"name":"annie_13","x":789},{"width":7,"y":233,"height":4,"name":"annie_11","x":525},{"width":8,"y":222,"height":13,"name":"annie_12","x":507},{"width":1,"y":619,"height":1,"name":"annie_10","x":789},{"width":38,"y":346,"height":32,"name":"annie_06","x":231},{"width":62,"y":625,"height":51,"name":"annie_01","x":789},{"width":10,"y":119,"height":10,"name":"annie_02","x":307},{"width":7,"y":222,"height":9,"name":"annie_03","x":525},{"width":16,"y":332,"height":12,"name":"annie_04","x":163},{"width":33,"y":325,"height":44,"name":"annie_2_01","x":799},{"width":66,"y":589,"height":88,"name":"annie_2_02","x":868},{"width":72,"y":530,"height":93,"name":"annie_2_03","x":794},{"width":76,"y":436,"height":92,"name":"annie_2_04","x":794},{"width":73,"y":616,"height":88,"name":"annie_2_05","x":714},{"width":191,"y":1,"height":76,"name":"annie_5_07","x":818},{"width":181,"y":131,"height":79,"name":"annie_5_06","x":149},{"width":185,"y":158,"height":77,"name":"annie_5_05","x":725},{"width":183,"y":161,"height":76,"name":"annie_5_04","x":538},{"width":188,"y":79,"height":77,"name":"annie_5_03","x":818},{"width":185,"y":82,"height":77,"name":"annie_5_02","x":538},{"width":187,"y":1,"height":79,"name":"annie_5_01","x":629},{"width":195,"y":1,"height":79,"name":"annie_5_08","x":432},{"width":55,"y":586,"height":23,"name":"annie_1_01","x":1},{"width":58,"y":560,"height":24,"name":"annie_1_02","x":1},{"width":59,"y":472,"height":24,"name":"annie_1_03","x":123},{"width":95,"y":279,"height":51,"name":"annie_3_01","x":103},{"width":110,"y":679,"height":52,"name":"annie_3_02","x":789},{"width":107,"y":679,"height":52,"name":"annie_3_03","x":901},{"width":100,"y":238,"height":52,"name":"annie_3_04","x":1},{"width":66,"y":346,"height":62,"name":"annie_4_01","x":163},{"width":75,"y":332,"height":56,"name":"annie_4_02","x":86},{"width":82,"y":212,"height":65,"name":"annie_4_03","x":123},{"width":81,"y":589,"height":69,"name":"annie_4_04","x":936},{"width":88,"y":82,"height":70,"name":"annie_4_05","x":725},{"width":74,"y":212,"height":67,"name":"annie_4_06","x":207},{"width":40,"y":310,"height":47,"name":"annie_4_07","x":981},{"width":145,"y":247,"height":61,"name":"annie_6_01","x":840},{"width":139,"y":310,"height":61,"name":"annie_6_02","x":840},{"width":127,"y":239,"height":61,"name":"annie_6_03","x":507},{"width":124,"y":373,"height":61,"name":"annie_6_04","x":799},{"width":125,"y":302,"height":61,"name":"annie_6_05","x":507},{"width":104,"y":530,"height":57,"name":"annie_6_06","x":868},{"width":103,"y":462,"height":57,"name":"annie_6_07","x":872},{"y":301,"frameY":-1,"frameWidth":83,"width":83,"frameX":0,"frameHeight":55,"height":55,"name":"annie_6_08","x":1},{"width":59,"y":499,"height":59,"name":"annie_7_06","x":1},{"width":55,"y":524,"height":55,"name":"annie_7_01","x":62},{"width":55,"y":564,"height":55,"name":"annie_7_02","x":123},{"width":55,"y":507,"height":55,"name":"annie_7_03","x":123},{"width":55,"y":470,"height":55,"name":"annie_7_04","x":186},{"width":60,"y":410,"height":60,"name":"annie_7_05","x":124},{"width":52,"y":581,"height":50,"name":"annie_8_01","x":62},{"width":55,"y":445,"height":58,"name":"annie_8_02","x":246},{"width":58,"y":440,"height":65,"name":"annie_8_03","x":332},{"width":69,"y":281,"height":63,"name":"annie_8_04","x":200},{"width":81,"y":373,"height":87,"name":"annie_8_05","x":925},{"width":91,"y":209,"height":90,"name":"annie_8_06","x":332},{"width":95,"y":119,"height":88,"name":"annie_8_07","x":332},{"width":110,"y":158,"height":87,"name":"annie_8_08","x":912},{"width":115,"y":237,"height":86,"name":"annie_8_09","x":723},{"width":60,"y":301,"height":70,"name":"annie_8_10","x":271},{"width":60,"y":358,"height":70,"name":"annie_8_11","x":1},{"width":59,"y":390,"height":69,"name":"annie_8_12","x":63},{"width":59,"y":323,"height":68,"name":"annie_8_13","x":394},{"width":59,"y":373,"height":70,"name":"annie_8_14","x":271},{"width":59,"y":301,"height":71,"name":"annie_8_15","x":333},{"width":60,"y":430,"height":67,"name":"annie_8_16","x":1},{"width":59,"y":374,"height":64,"name":"annie_8_17","x":332},{"width":58,"y":461,"height":61,"name":"annie_8_18","x":63},{"width":58,"y":410,"height":58,"name":"annie_8_19","x":186},{"width":58,"y":611,"height":21,"name":"annie_8_20","x":1},{"width":104,"y":82,"height":138,"name":"annie_10_01","x":432},{"width":146,"y":1,"height":135,"name":"annie_10_02","x":1},{"width":143,"y":1,"height":128,"name":"annie_10_03","x":149},{"width":136,"y":1,"height":116,"name":"annie_10_04","x":294},{"width":120,"y":138,"height":98,"name":"annie_10_05","x":1},{"width":79,"y":338,"height":95,"name":"annie_01_01_01","x":634},{"width":77,"y":422,"height":95,"name":"annie_01_01_02","x":715},{"width":78,"y":531,"height":94,"name":"annie_01_01_03","x":634},{"width":79,"y":435,"height":94,"name":"annie_01_01_04","x":634},{"width":77,"y":519,"height":95,"name":"annie_01_01_05","x":715},{"width":79,"y":239,"height":97,"name":"annie_01_01_06","x":636},{"width":80,"y":325,"height":95,"name":"annie_01_01_08","x":717},{"width":80,"y":222,"height":99,"name":"annie_01_01_09","x":425}]}